Data Source,World Development Indicators,,,,,,,,,,,,,,,,,,,,,,,,,,,,,,,,,,,,,,,,,,,,,,,,,,,,,,,,,,
,,,,,,,,,,,,,,,,,,,,,,,,,,,,,,,,,,,,,,,,,,,,,,,,,,,,,,,,,,,
Last Updated Date,4/11/2016,,,,,,,,,,,,,,,,,,,,,,,,,,,,,,,,,,,,,,,,,,,,,,,,,,,,,,,,,,
,,,,,,,,,,,,,,,,,,,,,,,,,,,,,,,,,,,,,,,,,,,,,,,,,,,,,,,,,,,
Country Name,Country Code,Indicator Name,Indicator Code,1960,1961,1962,1963,1964,1965,1966,1967,1968,1969,1970,1971,1972,1973,1974,1975,1976,1977,1978,1979,1980,1981,1982,1983,1984,1985,1986,1987,1988,1989,1990,1991,1992,1993,1994,1995,1996,1997,1998,1999,2000,2001,2002,2003,2004,2005,2006,2007,2008,2009,2010,2011,2012,2013,2014,2015
Aruba,ABW,Health expenditure per capita (current US$),SH.XPD.PCAP,,,,,,,,,,,,,,,,,,,,,,,,,,,,,,,,,,,,,,,,,,,,,,,,,,,,,,,,
Andorra,AND,Health expenditure per capita (current US$),SH.XPD.PCAP,,,,,,,,,,,,,,,,,,,,,,,,,,,,,,,,,,,,1282.522587,1386.661149,1395.521496,1831.209468,1369.161282,1242.210978,1268.63335,1450.796471,1827.841755,2127.736748,2089.667762,2256.103002,2997.572747,3081.87022,2897.932041,3173.991691,2794.502813,2993.730107,4914.391178,3746.334157,
Afghanistan,AFG,Health expenditure per capita (current US$),SH.XPD.PCAP,,,,,,,,,,,,,,,,,,,,,,,,,,,,,,,,,,,,,,,,,,,15.48190406,19.33236793,20.89000224,22.55305774,24.3644271,30.50597031,35.22608287,43.52543981,52.8857608,52.38254929,58.16803071,53.36597308,56.57452735,
Angola,AGO,Health expenditure per capita (current US$),SH.XPD.PCAP,,,,,,,,,,,,,,,,,,,,,,,,,,,,,,,,,,,,18.00618425,13.75622193,19.27911944,15.14206043,14.23259059,16.8991726,30.91774474,28.19059742,37.44842882,53.4564375,64.68519176,102.3792254,106.602519,163.1160505,160.8354779,131.7962109,160.3607227,168.0272174,225.7365925,179.3578537,
Albania,ALB,Health expenditure per capita (current US$),SH.XPD.PCAP,,,,,,,,,,,,,,,,,,,,,,,,,,,,,,,,,,,,51.48380136,72.42532839,52.94161894,61.25168194,75.95312403,74.02882494,78.66819861,89.9161553,112.6301178,153.2625501,166.2279289,175.4611126,216.9430813,254.735035,238.0709795,219.2738575,255.2555999,239.5128679,253.3418956,272.2042915,
Arab World,ARB,Health expenditure per capita (current US$),SH.XPD.PCAP,,,,,,,,,,,,,,,,,,,,,,,,,,,,,,,,,,,,85.72369289,84.10694257,89.95608231,91.81945874,99.32990924,105.9774354,108.3015318,109.0229888,113.8894101,126.0494881,138.7627953,159.4398966,186.1880764,220.9991394,241.7950605,249.3544791,283.3883062,324.6428394,339.3629689,352.9283486,
United Arab Emirates,ARE,Health expenditure per capita (current US$),SH.XPD.PCAP,,,,,,,,,,,,,,,,,,,,,,,,,,,,,,,,,,,,737.4240779,733.1181254,755.507009,801.2062652,794.5630123,814.1369285,797.5925122,879.2851487,907.5826262,915.4230632,935.0162277,998.7851697,1101.014301,1338.926703,1332.63013,1349.448657,1473.339096,1433.105547,1551.346903,1610.79898,
Argentina,ARG,Health expenditure per capita (current US$),SH.XPD.PCAP,,,,,,,,,,,,,,,,,,,,,,,,,,,,,,,,,,,,612.9582432,616.8144715,683.6879512,704.4606582,724.1112766,706.9049935,672.6523268,223.9060946,277.9384439,323.750243,389.8182757,447.1689734,539.2377728,673.8421046,711.9541955,738.480823,795.7502931,726.7943481,731.4512884,605.1878448,
Armenia,ARM,Health expenditure per capita (current US$),SH.XPD.PCAP,,,,,,,,,,,,,,,,,,,,,,,,,,,,,,,,,,,,25.62249443,29.14083557,30.12181086,34.98812191,33.89211786,38.82927307,41.12659264,41.9909141,51.50899053,65.49067686,86.10079034,98.22416727,134.0604398,149.3830344,132.517204,143.0644236,127.0059316,149.9280612,158.9801968,161.5523856,
American Samoa,ASM,Health expenditure per capita (current US$),SH.XPD.PCAP,,,,,,,,,,,,,,,,,,,,,,,,,,,,,,,,,,,,,,,,,,,,,,,,,,,,,,,,
Antigua and Barbuda,ATG,Health expenditure per capita (current US$),SH.XPD.PCAP,,,,,,,,,,,,,,,,,,,,,,,,,,,,,,,,,,,,353.192898,356.4113906,373.2745656,386.6278918,400.7351934,416.4132694,439.3800103,442.6083745,470.7838389,462.4891282,532.7341691,590.2394159,652.2483176,740.6885417,679.6804092,732.6811757,724.0195076,728.4813241,711.4303559,773.7122465,
Australia,AUS,Health expenditure per capita (current US$),SH.XPD.PCAP,,,,,,,,,,,,,,,,,,,,,,,,,,,,,,,,,,,,1591.179927,1789.353692,1787.625171,1613.106764,1775.353824,1745.925306,1665.200284,1883.31575,2370.880558,2933.228869,3214.030875,3421.907972,4077.852329,4410.437702,4256.640845,5324.517415,6368.424124,6543.523887,6258.467361,6031.107458,
Austria,AUT,Health expenditure per capita (current US$),SH.XPD.PCAP,,,,,,,,,,,,,,,,,,,,,,,,,,,,,,,,,,,,2867.564759,2811.461053,2563.918797,2675.562558,2709.571732,2415.782386,2418.43635,2643.576833,3285.60049,3779.747115,3916.484234,4075.334646,4710.110588,5286.915229,5153.788544,5049.56234,5431.67401,5239.517579,5478.24495,5580.493943,
Azerbaijan,AZE,Health expenditure per capita (current US$),SH.XPD.PCAP,,,,,,,,,,,,,,,,,,,,,,,,,,,,,,,,,,,,18.01915735,24.7783912,27.2665367,30.26766499,30.49546759,30.29752578,31.16934787,33.61683581,57.03998429,81.25548578,121.8905757,149.7308675,192.3844097,241.5576123,288.5361123,310.1489046,358.2574,399.4974288,432.418509,471.4143956,
Burundi,BDI,Health expenditure per capita (current US$),SH.XPD.PCAP,,,,,,,,,,,,,,,,,,,,,,,,,,,,,,,,,,,,8.6107346,7.57429011,7.65165177,7.58235593,6.57717627,6.40394782,6.26118861,5.94114971,5.56420521,8.48420491,13.85306615,17.80375176,15.97060537,14.36007705,13.53159243,18.9457458,20.77401252,20.34701459,20.85880811,21.55325396,
Belgium,BEL,Health expenditure per capita (current US$),SH.XPD.PCAP,,,,,,,,,,,,,,,,,,,,,,,,,,,,,,,,,,,,2137.809669,2150.827657,1907.111283,1977.766104,2012.685415,1845.338117,1878.367001,2075.073771,2800.312474,3242.842301,3339.718116,3489.806735,4017.788797,4565.948425,4574.69481,4419.444255,4864.154446,4587.91449,4813.421123,4884.066261,
Benin,BEN,Health expenditure per capita (current US$),SH.XPD.PCAP,,,,,,,,,,,,,,,,,,,,,,,,,,,,,,,,,,,,17.0096092,17.53350942,15.37493441,16.44746883,16.93669535,14.72882077,16.32549139,16.18550806,21.48840554,23.32444356,25.21299773,26.47099281,28.77488754,31.01526554,31.80955051,34.14297248,40.01989767,36.45471795,36.95635544,37.88944806,
Burkina Faso,BFA,Health expenditure per capita (current US$),SH.XPD.PCAP,,,,,,,,,,,,,,,,,,,,,,,,,,,,,,,,,,,,11.5762722,12.80749384,11.77137145,13.45372607,13.92533426,11.47632692,11.51191743,13.72644432,18.64181617,23.95926192,27.97832335,27.65285018,31.47041295,38.51408641,40.86637373,41.18892323,34.41863315,35.8513692,42.2125761,35.19599866,
Bangladesh,BGD,Health expenditure per capita (current US$),SH.XPD.PCAP,,,,,,,,,,,,,,,,,,,,,,,,,,,,,,,,,,,,10.30063773,11.13232975,8.54668435,8.63466988,8.94507051,9.12687459,9.63872102,10.33343179,10.84788936,11.96017109,12.43576137,13.50854518,15.2414902,17.59674697,19.82214837,23.13738001,25.40782617,25.58110909,28.15857423,30.83346991,
Bulgaria,BGR,Health expenditure per capita (current US$),SH.XPD.PCAP,,,,,,,,,,,,,,,,,,,,,,,,,,,,,,,,,,,,81.37640068,55.9550585,64.20099303,82.65661329,96.15913071,97.88239442,126.0325793,155.1715467,201.8808879,239.4710858,274.9733732,300.386581,379.4845035,483.3947231,471.574667,488.2120682,532.5046849,519.4822426,606.0252134,661.8465273,
Bahrain,BHR,Health expenditure per capita (current US$),SH.XPD.PCAP,,,,,,,,,,,,,,,,,,,,,,,,,,,,,,,,,,,,495.1691674,491.515764,532.0521022,488.7015687,495.5785543,476.8867543,490.2564085,515.0298452,543.8170437,547.8238566,581.6519361,605.1671718,651.4708533,730.1150758,725.7482649,741.5719713,756.5510545,1006.911744,1142.495254,1242.844177,
"Bahamas, The",BHS,Health expenditure per capita (current US$),SH.XPD.PCAP,,,,,,,,,,,,,,,,,,,,,,,,,,,,,,,,,,,,838.4763931,879.517393,959.5076803,1031.025257,1072.52054,1106.277128,1106.291524,1182.812983,1236.434267,1325.12769,1393.624694,1644.473399,1719.803634,1727.691308,1638.219083,1630.13768,1642.386558,1642.989801,1572.256686,1720.159467,
Bosnia and Herzegovina,BIH,Health expenditure per capita (current US$),SH.XPD.PCAP,,,,,,,,,,,,,,,,,,,,,,,,,,,,,,,,,,,,46.55402722,73.52989563,81.39734793,91.28518957,110.3301357,103.7920706,109.2876883,123.8332206,176.7951158,240.0393798,248.7893982,277.6579255,343.8492495,426.9177068,442.1380047,428.6473185,472.1080169,446.7523901,449.3827916,463.6399279,
Belarus,BLR,Health expenditure per capita (current US$),SH.XPD.PCAP,,,,,,,,,,,,,,,,,,,,,,,,,,,,,,,,,,,,69.90902831,89.28572446,92.09951399,90.21034481,74.77466174,74.96563964,82.22756341,95.75315276,119.7626011,157.2422606,215.8746151,244.180113,304.9891938,379.1078038,313.2870418,322.542461,293.116383,335.9661597,465.1674524,450.2139558,
Belize,BLZ,Health expenditure per capita (current US$),SH.XPD.PCAP,,,,,,,,,,,,,,,,,,,,,,,,,,,,,,,,,,,,127.2056119,108.9804808,115.7248777,113.5556534,112.3914662,133.7244256,153.9444056,155.7746381,166.8720872,168.3579737,175.1356455,184.2693661,205.8871947,227.6602268,247.3384661,253.9516292,253.1947657,254.8920397,273.2673296,278.5792093,
Bermuda,BMU,Health expenditure per capita (current US$),SH.XPD.PCAP,,,,,,,,,,,,,,,,,,,,,,,,,,,,,,,,,,,,,,,,,,,,,,,,,,,,,,,,
Bolivia,BOL,Health expenditure per capita (current US$),SH.XPD.PCAP,,,,,,,,,,,,,,,,,,,,,,,,,,,,,,,,,,,,33.09682604,44.36005534,41.98645971,53.99445302,62.74014723,57.09498025,60.4793491,59.65076339,49.37919218,51.7702391,60.16329369,65.04620113,70.05347817,88.30533886,104.1326277,109.7640013,132.827973,149.3399801,178.727251,208.7841942,
Brazil,BRA,Health expenditure per capita (current US$),SH.XPD.PCAP,,,,,,,,,,,,,,,,,,,,,,,,,,,,,,,,,,,,314.2957455,346.2974119,353.3048714,333.4692502,240.2998129,262.758717,225.7806069,201.0941017,211.3289001,254.292432,391.2935537,485.3929002,599.604054,716.7556153,731.9202567,919.6685227,1055.136169,984.9225467,993.4641213,947.427696,
Barbados,BRB,Health expenditure per capita (current US$),SH.XPD.PCAP,,,,,,,,,,,,,,,,,,,,,,,,,,,,,,,,,,,,447.4792612,462.0008273,490.4399425,526.2064796,564.4336606,595.9686923,629.1514892,672.5062104,698.6726468,734.1624385,763.7356702,825.3378571,928.2949345,996.655616,1026.936193,980.958026,1035.872409,1137.94886,1146.951931,1146.041691,
Brunei Darussalam,BRN,Health expenditure per capita (current US$),SH.XPD.PCAP,,,,,,,,,,,,,,,,,,,,,,,,,,,,,,,,,,,,475.8047543,629.8303912,626.7476912,569.4174706,542.025071,554.4471302,508.3037472,516.6761039,579.7906066,665.2179303,691.2868851,699.000765,758.0964911,842.7185686,789.8504895,859.6617354,938.484721,961.8937606,1022.869206,957.605998,
Bhutan,BTN,Health expenditure per capita (current US$),SH.XPD.PCAP,,,,,,,,,,,,,,,,,,,,,,,,,,,,,,,,,,,,23.6875586,38.97348351,51.63753261,51.1295446,53.03179568,53.80294856,48.50597329,69.56595849,49.47924229,48.83543061,66.41020899,70.92105204,103.1799167,119.1327754,107.7062034,113.8456025,117.6140453,90.82385575,90.3048197,88.79259723,
Botswana,BWA,Health expenditure per capita (current US$),SH.XPD.PCAP,,,,,,,,,,,,,,,,,,,,,,,,,,,,,,,,,,,,125.968519,125.6657195,138.6119172,127.4665871,132.1147453,154.7856573,178.4484584,197.0637102,192.8375504,271.2333834,299.6253778,263.3444626,267.0728527,313.4430356,321.6619418,378.7810324,384.1322268,427.5167759,396.6018688,385.314097,
Central African Republic,CAF,Health expenditure per capita (current US$),SH.XPD.PCAP,,,,,,,,,,,,,,,,,,,,,,,,,,,,,,,,,,,,12.04944123,13.24873828,9.62285807,10.13627889,11.141831,10.39547393,9.69905428,10.69780249,12.51866139,13.06244806,14.28373981,14.24307254,16.34316897,19.96737755,16.25205752,17.41374391,18.08817508,17.01594078,12.53258889,15.5874302,
Canada,CAN,Health expenditure per capita (current US$),SH.XPD.PCAP,,,,,,,,,,,,,,,,,,,,,,,,,,,,,,,,,,,,1830.541802,1838.854557,1882.626206,1856.229153,1945.366545,2099.841455,2162.233762,2262.071469,2690.51266,3062.668807,3474.435969,3945.457153,4382.4308,4682.04169,4582.080336,5347.69457,5665.424517,5719.027387,5619.376463,5291.74613,
Central Europe and the Baltics,CEB,Health expenditure per capita (current US$),SH.XPD.PCAP,,,,,,,,,,,,,,,,,,,,,,,,,,,,,,,,,,,,198.8823486,219.0818625,212.978139,238.4025318,233.8093703,229.0974609,260.3707373,309.66929,387.2314508,464.014616,542.6299158,603.9458168,764.8221271,977.3603674,886.1095466,893.7489671,957.5910095,894.3844507,930.5300366,952.6157484,
Switzerland,CHE,Health expenditure per capita (current US$),SH.XPD.PCAP,,,,,,,,,,,,,,,,,,,,,,,,,,,,,,,,,,,,4308.477115,4292.361226,3717.919398,3869.846221,3841.314362,3540.855528,3751.837276,4190.445956,5001.945387,5570.158997,5636.55037,5642.667662,6125.965318,7103.957579,7276.704706,7807.623133,9386.514277,9195.749529,9471.535603,9673.523535,
Channel Islands,CHI,Health expenditure per capita (current US$),SH.XPD.PCAP,,,,,,,,,,,,,,,,,,,,,,,,,,,,,,,,,,,,,,,,,,,,,,,,,,,,,,,,
Chile,CHL,Health expenditure per capita (current US$),SH.XPD.PCAP,,,,,,,,,,,,,,,,,,,,,,,,,,,,,,,,,,,,266.9666929,303.3087535,333.6760603,341.3436684,318.9346881,326.1556361,299.8065893,290.1102349,352.9630238,430.3085574,508.8841326,584.7305201,664.982757,739.6179002,754.5907851,891.1223738,1023.221335,1108.007113,1192.054094,1137.356265,
China,CHN,Health expenditure per capita (current US$),SH.XPD.PCAP,,,,,,,,,,,,,,,,,,,,,,,,,,,,,,,,,,,,21.01694786,26.31809144,30.91737908,35.39876146,38.72079198,43.62610863,47.54280541,54.46619273,61.59306848,70.62028579,80.94495253,94.0511609,115.2890171,157.6781461,192.5187906,220.0793976,279.4790104,328.6597653,375.144115,419.7342406,
Cote d'Ivoire,CIV,Health expenditure per capita (current US$),SH.XPD.PCAP,,,,,,,,,,,,,,,,,,,,,,,,,,,,,,,,,,,,48.63813073,55.09319182,54.150682,58.52134326,50.0169346,38.93627735,32.16328939,32.0916423,40.70976225,48.70226189,50.78175921,56.53290777,68.44300006,78.04509303,79.09834668,78.1680569,79.09238797,78.7182038,84.07703434,88.37029761,
Cameroon,CMR,Health expenditure per capita (current US$),SH.XPD.PCAP,,,,,,,,,,,,,,,,,,,,,,,,,,,,,,,,,,,,25.15316247,34.45893385,28.80586819,28.77197867,28.64365579,26.11833904,27.69670068,31.53243555,39.34488626,42.23896544,43.47728738,45.23234431,50.94214029,61.68511416,59.05103438,60.62989094,49.87450321,53.03231424,57.1497078,58.6522027,
"Congo, Rep.",COG,Health expenditure per capita (current US$),SH.XPD.PCAP,,,,,,,,,,,,,,,,,,,,,,,,,,,,,,,,,,,,24.59524883,26.01592719,25.04618095,24.67954425,23.79554978,22.00668395,21.3819341,22.74373961,27.392514,34.80821201,42.08005738,50.8906731,57.33356376,64.51657847,55.01432043,67.71205555,96.35010667,126.8917412,163.3065573,161.6386006,
Colombia,COL,Health expenditure per capita (current US$),SH.XPD.PCAP,,,,,,,,,,,,,,,,,,,,,,,,,,,,,,,,,,,,166.932508,208.3591882,247.195032,219.1129377,187.9479926,146.006666,142.8050767,133.5862286,132.9782458,147.1810659,196.9257048,226.6878277,292.2955925,359.7078844,361.0275718,422.3895159,479.6196164,546.7083774,549.3706075,569.1852903,
Comoros,COM,Health expenditure per capita (current US$),SH.XPD.PCAP,,,,,,,,,,,,,,,,,,,,,,,,,,,,,,,,,,,,22.30768219,20.94772167,18.81200518,16.74611332,16.12569591,13.10718446,11.20770359,14.52705911,19.66169374,24.13613917,26.5404512,29.29066293,35.11074903,40.33558805,29.33445451,44.22559193,49.9263871,55.30182126,53.57380017,56.76149624,
Cabo Verde,CPV,Health expenditure per capita (current US$),SH.XPD.PCAP,,,,,,,,,,,,,,,,,,,,,,,,,,,,,,,,,,,,66.64807171,60.96200677,57.01116574,65.58086991,64.61232373,59.1059178,65.31787238,70.57829328,87.91660186,99.75229306,103.6171967,126.4083574,135.3205585,146.5493485,149.2257928,163.9780165,173.1731769,161.1623503,155.5597251,173.305672,
Costa Rica,CRI,Health expenditure per capita (current US$),SH.XPD.PCAP,,,,,,,,,,,,,,,,,,,,,,,,,,,,,,,,,,,,217.3147032,219.017349,221.2272121,266.9239699,280.3598756,289.4074398,297.4246064,339.9338251,358.1181432,346.1774001,364.0124643,409.929542,524.551064,606.6022405,634.1388792,771.2409741,872.1122602,930.4819973,990.3477276,970.002032,
Caribbean small states,CSS,Health expenditure per capita (current US$),SH.XPD.PCAP,,,,,,,,,,,,,,,,,,,,,,,,,,,,,,,,,,,,176.5676479,193.1388101,223.6898261,232.5881236,237.9444482,258.9369669,260.9164775,275.9742883,294.7357326,327.3101858,358.7817432,390.6804046,461.2610579,522.9137517,509.0411669,498.4309251,527.8205504,578.2014341,581.6742636,587.5515289,
Cuba,CUB,Health expenditure per capita (current US$),SH.XPD.PCAP,,,,,,,,,,,,,,,,,,,,,,,,,,,,,,,,,,,,111.8448017,119.355224,126.0632008,133.5850429,152.5986894,166.334715,177.8751578,194.7966144,201.8770982,208.5835268,356.2941354,359.9919922,586.9098551,584.0994651,650.5523633,583.371882,645.6289845,554.721387,656.7027314,816.6235369,
Curacao,CUW,Health expenditure per capita (current US$),SH.XPD.PCAP,,,,,,,,,,,,,,,,,,,,,,,,,,,,,,,,,,,,,,,,,,,,,,,,,,,,,,,,
Cayman Islands,CYM,Health expenditure per capita (current US$),SH.XPD.PCAP,,,,,,,,,,,,,,,,,,,,,,,,,,,,,,,,,,,,,,,,,,,,,,,,,,,,,,,,
Cyprus,CYP,Health expenditure per capita (current US$),SH.XPD.PCAP,,,,,,,,,,,,,,,,,,,,,,,,,,,,,,,,,,,,680.6731122,744.087945,728.2697222,775.9121241,787.9067396,753.3538443,783.7059955,894.6596382,1260.406288,1384.665958,1448.754501,1529.205011,1734.481643,2241.265392,2185.842041,2038.202786,2235.669386,1964.815338,1889.867889,1819.112996,
Czech Republic,CZE,Health expenditure per capita (current US$),SH.XPD.PCAP,,,,,,,,,,,,,,,,,,,,,,,,,,,,,,,,,,,,374.3513158,403.1196089,369.2252864,397.9768244,383.6005593,361.2250166,404.0599737,522.5835876,666.8062098,771.7830661,884.3635966,971.5067242,1147.982119,1486.182785,1483.943674,1410.036589,1545.574747,1411.484668,1412.792686,1378.521202,
Germany,DEU,Health expenditure per capita (current US$),SH.XPD.PCAP,,,,,,,,,,,,,,,,,,,,,,,,,,,,,,,,,,,,3128.737418,3107.369727,2702.663089,2728.659541,2694.639284,2397.753676,2407.86939,2622.977982,3222.753412,3542.824869,3647.789641,3766.112592,4254.233501,4743.27282,4752.817698,4700.085841,5025.252539,4753.875921,5098.236934,5410.634639,
Djibouti,DJI,Health expenditure per capita (current US$),SH.XPD.PCAP,,,,,,,,,,,,,,,,,,,,,,,,,,,,,,,,,,,,30.45794934,29.29275417,32.9384714,38.88120402,46.90785061,44.26610626,42.26491946,43.57429979,51.59655053,58.70000454,65.68084109,68.69802908,81.90366465,97.6853806,107.1008861,120.1078122,128.2303877,141.9710857,153.9607223,190.7601074,
Dominica,DMA,Health expenditure per capita (current US$),SH.XPD.PCAP,,,,,,,,,,,,,,,,,,,,,,,,,,,,,,,,,,,,183.6782265,195.0539674,208.0896509,211.0385357,221.2827007,225.4175594,227.315454,227.9018004,229.2898541,230.1307454,241.0330443,255.4917095,282.7844462,300.5577278,369.5745916,396.1996514,401.1855435,384.583726,400.3916661,407.8128301,
Denmark,DNK,Health expenditure per capita (current US$),SH.XPD.PCAP,,,,,,,,,,,,,,,,,,,,,,,,,,,,,,,,,,,,2835.432079,2884.217312,2633.578758,2675.353251,2931.355508,2612.692686,2730.152251,3023.115074,3756.109441,4387.087845,4652.522257,5017.510494,5709.967402,6395.89846,6464.581332,6266.80801,6522.134923,6203.774102,6637.655532,6463.243218,
Dominican Republic,DOM,Health expenditure per capita (current US$),SH.XPD.PCAP,,,,,,,,,,,,,,,,,,,,,,,,,,,,,,,,,,,,102.4556189,106.0221533,124.1745729,133.7076837,144.0657434,163.0545727,157.6660105,163.2775381,123.6958119,101.5419402,154.2255801,165.866432,199.6465249,206.9473232,216.2544284,217.7064442,244.1457217,253.795297,245.1778621,268.9943173,
Algeria,DZA,Health expenditure per capita (current US$),SH.XPD.PCAP,,,,,,,,,,,,,,,,,,,,,,,,,,,,,,,,,,,,53.87082951,53.4514481,57.94416343,57.08920215,54.28883852,61.30289682,66.508593,66.18230218,75.43769203,92.1539956,100.3561074,116.3397202,150.5470392,206.4084034,207.7212083,228.915952,286.968847,335.2690912,345.6537041,361.7291743,
East Asia & Pacific (developing only),EAP,Health expenditure per capita (current US$),SH.XPD.PCAP,,,,,,,,,,,,,,,,,,,,,,,,,,,,,,,,,,,,25.21286293,30.3896838,32.61045645,32.47251139,35.83697758,39.54884323,42.2752893,48.50958703,55.61262141,62.75204493,72.13063176,84.80688167,104.232606,136.6302167,161.5408343,186.1612652,231.9043413,270.0271441,303.1846457,333.9076249,
East Asia & Pacific (all income levels),EAS,Health expenditure per capita (current US$),SH.XPD.PCAP,,,,,,,,,,,,,,,,,,,,,,,,,,,,,,,,,,,,241.3567045,222.2195656,213.9156448,198.0131262,229.8816513,248.3916364,229.9603746,233.5888845,262.7961231,290.8493715,306.7200994,316.0662692,345.3264274,403.556052,451.9515242,514.3253969,601.9997927,644.6990982,628.7763714,643.4410883,
Europe & Central Asia (developing only),ECA,Health expenditure per capita (current US$),SH.XPD.PCAP,,,,,,,,,,,,,,,,,,,,,,,,,,,,,,,,,,,,60.20536848,72.41100693,80.53450549,83.69477072,85.29093825,89.89868482,82.3843583,99.90814986,131.0347589,168.0856542,209.0454712,245.3904089,314.1087201,376.1905362,325.4421617,353.8504473,368.9057223,380.5343711,414.7975936,392.244885,
Europe & Central Asia (all income levels),ECS,Health expenditure per capita (current US$),SH.XPD.PCAP,,,,,,,,,,,,,,,,,,,,,,,,,,,,,,,,,,,,1020.253645,1056.161359,986.2548718,1004.97138,1007.511991,940.0765337,972.4687269,1092.36471,1358.942246,1574.499174,1683.517938,1796.05701,2069.128496,2330.405209,2230.372423,2218.859002,2405.274283,2302.108194,2409.121101,2422.170269,
Ecuador,ECU,Health expenditure per capita (current US$),SH.XPD.PCAP,,,,,,,,,,,,,,,,,,,,,,,,,,,,,,,,,,,,72.54614642,80.73372946,87.73836634,82.2754366,60.32354553,49.00947091,73.44541612,100.7959281,157.7474115,168.3989392,177.4772434,196.2628933,213.1783096,241.9744456,237.2473866,274.8808741,308.971543,368.198682,439.5621516,579.1924445,
"Egypt, Arab Rep.",EGY,Health expenditure per capita (current US$),SH.XPD.PCAP,,,,,,,,,,,,,,,,,,,,,,,,,,,,,,,,,,,,37.24760709,45.31963227,58.07362558,65.12627474,71.99613871,77.72252205,74.95902799,72.84004589,55.49039108,56.06795155,63.80857754,74.01172409,84.30810186,100.6032567,117.0477779,125.5023976,139.0024401,160.7647657,159.1105681,177.7683606,
Euro area,EMU,Health expenditure per capita (current US$),SH.XPD.PCAP,,,,,,,,,,,,,,,,,,,,,,,,,,,,,,,,,,,,2103.264229,2142.318495,1930.549784,1974.248008,1971.474968,1793.392494,1838.387534,2037.560314,2556.005712,2922.727668,3072.581197,3222.357327,3650.386394,4099.872401,4020.632412,3899.802367,4162.315933,3881.256373,4063.239379,4134.633717,
Eritrea,ERI,Health expenditure per capita (current US$),SH.XPD.PCAP,,,,,,,,,,,,,,,,,,,,,,,,,,,,,,,,,,,,8.56232269,7.90720507,9.3089478,9.59016511,9.37519519,8.11147363,7.37853567,7.12920605,7.15359849,8.04701742,7.40555175,9.07849312,9.84547663,11.31124213,13.34631705,14.62766471,16.66539605,18.81139232,20.75363693,25.20042878,
Spain,ESP,Health expenditure per capita (current US$),SH.XPD.PCAP,,,,,,,,,,,,,,,,,,,,,,,,,,,,,,,,,,,,1129.194506,1178.143771,1062.571866,1109.461319,1135.736681,1045.482008,1089.297115,1212.662692,1687.896901,1975.375703,2120.504973,2312.794972,2690.000504,3072.174573,2994.72794,2846.710039,2954.250704,2651.380398,2643.950076,2658.270424,
Estonia,EST,Health expenditure per capita (current US$),SH.XPD.PCAP,,,,,,,,,,,,,,,,,,,,,,,,,,,,,,,,,,,,164.7972293,218.1169031,222.44294,223.1045245,242.5738072,214.3760371,217.706223,256.6617623,352.3959012,452.3326671,514.22144,624.618117,845.4671974,1075.405139,1008.522177,902.6732824,988.0989429,1077.548623,1213.556194,1248.279632,
Ethiopia,ETH,Health expenditure per capita (current US$),SH.XPD.PCAP,,,,,,,,,,,,,,,,,,,,,,,,,,,,,,,,,,,,4.01984268,4.20077323,4.37286279,4.50325999,4.4630391,5.36828664,5.05148399,5.25939701,5.50649733,5.74732909,6.78994895,8.65132225,11.20782555,13.42946544,14.83285372,20.98433993,22.20933287,26.41542192,25.0417972,26.64777614,
European Union,EUU,Health expenditure per capita (current US$),SH.XPD.PCAP,,,,,,,,,,,,,,,,,,,,,,,,,,,,,,,,,,,,1650.72901,1695.706951,1561.310038,1611.538709,1626.469647,1505.103238,1553.935118,1734.785382,2161.357333,2494.64361,2641.697613,2791.732389,3188.148107,3533.675137,3410.336056,3340.984934,3588.672298,3383.999429,3533.714245,3612.24611,
Fragile and conflict affected situations,FCS,Health expenditure per capita (current US$),SH.XPD.PCAP,,,,,,,,,,,,,,,,,,,,,,,,,,,,,,,,,,,,27.45599932,27.52253344,28.50355546,28.21821215,28.36070062,29.62460481,27.57552335,25.69276336,28.5839926,34.62537141,35.88583783,40.50870819,50.87456895,62.95198262,66.21556711,68.02081183,69.54708129,83.75049512,85.78555353,81.22013218,
Finland,FIN,Health expenditure per capita (current US$),SH.XPD.PCAP,,,,,,,,,,,,,,,,,,,,,,,,,,,,,,,,,,,,2014.084009,2014.745821,1848.767716,1853.033959,1862.52722,1700.319728,1786.264444,2032.228346,2571.711591,2973.999245,3151.840643,3316.634758,3775.579328,4287.017428,4136.656903,4001.325692,4398.942331,4254.758665,4518.969282,4612.290456,
Fiji,FJI,Health expenditure per capita (current US$),SH.XPD.PCAP,,,,,,,,,,,,,,,,,,,,,,,,,,,,,,,,,,,,79.10781019,88.81849817,93.27957818,65.92817332,75.72505811,80.31479696,66.90517405,78.65789789,95.08163275,120.246497,131.9967786,143.854304,152.5712481,153.7051543,143.4860915,154.4003353,170.512123,183.375109,186.640258,204.0112117,
France,FRA,Health expenditure per capita (current US$),SH.XPD.PCAP,,,,,,,,,,,,,,,,,,,,,,,,,,,,,,,,,,,,2744.522669,2741.658855,2439.58829,2486.675422,2458.133729,2209.24373,2241.056235,2496.522078,3115.236324,3592.421798,3721.111609,3871.530947,4371.966822,4827.875666,4722.01383,4583.688607,4993.717311,4698.920625,4955.351524,4958.989226,
Faroe Islands,FRO,Health expenditure per capita (current US$),SH.XPD.PCAP,,,,,,,,,,,,,,,,,,,,,,,,,,,,,,,,,,,,,,,,,,,,,,,,,,,,,,,,
"Micronesia, Fed. Sts.",FSM,Health expenditure per capita (current US$),SH.XPD.PCAP,,,,,,,,,,,,,,,,,,,,,,,,,,,,,,,,,,,,189.0037408,174.3373871,148.4312685,141.220884,155.3509307,170.9432321,192.2219099,180.6555139,222.2680598,238.520911,285.1277802,285.4655564,292.1107727,323.3306532,358.1222903,392.4136429,410.8114056,402.0792687,406.4906823,414.9857828,
Gabon,GAB,Health expenditure per capita (current US$),SH.XPD.PCAP,,,,,,,,,,,,,,,,,,,,,,,,,,,,,,,,,,,,158.975678,173.4829637,140.0026204,162.1804824,136.5197109,118.8916886,128.611983,132.5822411,171.4921586,187.3643325,189.1536132,207.7059978,246.7517927,266.8573216,276.3458229,319.7359376,352.9971709,343.241976,380.2587331,321.3300907,
United Kingdom,GBR,Health expenditure per capita (current US$),SH.XPD.PCAP,,,,,,,,,,,,,,,,,,,,,,,,,,,,,,,,,,,,1364.123182,1436.869329,1542.683631,1660.744587,1769.177498,1763.461279,1840.438944,2070.693224,2462.05718,2963.50984,3176.572973,3425.610383,3937.187894,3863.736375,3491.249516,3491.219797,3648.947564,3648.67961,3684.74752,3934.823561,
Georgia,GEO,Health expenditure per capita (current US$),SH.XPD.PCAP,,,,,,,,,,,,,,,,,,,,,,,,,,,,,,,,,,,,29.57789661,45.98470818,56.99525159,48.68347258,36.70438657,44.98843071,54.02078648,64.3261154,74.42193978,96.98255655,123.4038052,147.3467825,189.9287495,264.7580109,255.277171,274.8616084,323.434702,327.6879033,286.0728284,302.6006332,
Ghana,GHA,Health expenditure per capita (current US$),SH.XPD.PCAP,,,,,,,,,,,,,,,,,,,,,,,,,,,,,,,,,,,,19.07131288,22.29240153,18.83242362,20.55406192,19.87014001,12.26656521,15.24726004,14.98250706,18.48245054,26.70497519,36.03047454,43.11005603,58.24894864,59.8645213,56.67149658,70.57961572,76.29999038,78.6432553,84.52763507,57.89263246,
Guinea,GIN,Health expenditure per capita (current US$),SH.XPD.PCAP,,,,,,,,,,,,,,,,,,,,,,,,,,,,,,,,,,,,16.58821237,14.90104723,13.86535545,14.3277284,13.67363912,11.76528967,11.54214333,12.17895008,12.79614406,12.05116935,8.57058119,8.94533392,12.5343166,13.8889073,16.55630561,19.55526596,21.18498009,26.27447832,28.64896871,30.46022073,
"Gambia, The",GMB,Health expenditure per capita (current US$),SH.XPD.PCAP,,,,,,,,,,,,,,,,,,,,,,,,,,,,,,,,,,,,24.0269989,26.06056626,22.21316202,25.63568016,24.33864676,23.02191333,20.11918153,16.58607401,15.21714528,18.05986653,21.52090965,24.31759774,29.95689555,36.18793869,32.14718961,32.33065903,32.26657498,30.91778552,30.98856445,30.72368182,
Guinea-Bissau,GNB,Health expenditure per capita (current US$),SH.XPD.PCAP,,,,,,,,,,,,,,,,,,,,,,,,,,,,,,,,,,,,24.31091439,19.28779566,15.22241271,11.56717086,10.03201598,15.69059494,14.62608442,16.84942164,19.0974767,20.07966311,22.93014792,23.26233877,27.79757068,33.48277734,35.1993739,34.73659589,35.98244453,37.26439469,40.45593686,37.27708811,
Equatorial Guinea,GNQ,Health expenditure per capita (current US$),SH.XPD.PCAP,,,,,,,,,,,,,,,,,,,,,,,,,,,,,,,,,,,,17.02825398,22.25595332,29.35366207,31.95002686,33.37448265,53.84462571,47.45536976,65.27940037,94.4201561,174.4544882,214.0950354,266.4509855,344.1751553,519.9000942,702.6322893,609.2667193,688.8215329,852.4577862,729.7478848,663.0542294,
Greece,GRC,Health expenditure per capita (current US$),SH.XPD.PCAP,,,,,,,,,,,,,,,,,,,,,,,,,,,,,,,,,,,,1067.867812,1116.371975,1067.175738,1057.216883,1115.874613,918.4296374,1055.008932,1222.751115,1580.464747,1809.352777,2094.783975,2296.047415,2689.062355,3093.577267,2879.078098,2458.728117,2528.391622,2048.926917,2017.222758,1743.037533,
Grenada,GRD,Health expenditure per capita (current US$),SH.XPD.PCAP,,,,,,,,,,,,,,,,,,,,,,,,,,,,,,,,,,,,190.3524788,203.2506396,218.7476039,247.1114926,291.278961,339.0200904,391.8873292,353.179157,340.2700463,305.529725,371.7716774,405.4110104,430.272799,457.9878528,461.6887636,471.9471312,470.4660874,482.124836,485.4186821,505.8299094,
Greenland,GRL,Health expenditure per capita (current US$),SH.XPD.PCAP,,,,,,,,,,,,,,,,,,,,,,,,,,,,,,,,,,,,,,,,,,,,,,,,,,,,,,,,
Guatemala,GTM,Health expenditure per capita (current US$),SH.XPD.PCAP,,,,,,,,,,,,,,,,,,,,,,,,,,,,,,,,,,,,55.45503546,57.34084596,65.82694104,67.227438,68.8312905,86.66688023,105.5424841,113.5417543,120.0026051,126.0453479,140.1374647,158.4849023,169.5057943,184.4592826,177.6445949,186.2712138,198.9828457,207.5154089,216.0941105,232.6252272,
Guam,GUM,Health expenditure per capita (current US$),SH.XPD.PCAP,,,,,,,,,,,,,,,,,,,,,,,,,,,,,,,,,,,,,,,,,,,,,,,,,,,,,,,,
Guyana,GUY,Health expenditure per capita (current US$),SH.XPD.PCAP,,,,,,,,,,,,,,,,,,,,,,,,,,,,,,,,,,,,43.33981588,47.78952246,52.52164111,51.29111572,43.92883845,56.14636611,54.57443949,56.72954434,59.63431074,60.66151551,64.74099235,91.56575943,150.625201,191.8299964,197.5032082,198.0183784,231.6940184,246.8071169,200.2217339,221.7832703,
High income,HIC,Health expenditure per capita (current US$),SH.XPD.PCAP,,,,,,,,,,,,,,,,,,,,,,,,,,,,,,,,,,,,1961.474062,1986.254015,1966.031177,1999.94604,2104.77764,2152.563293,2227.034779,2390.751648,2714.9659,2991.869428,3174.653508,3348.915016,3648.8944,3938.988832,3985.703448,4120.662163,4394.852448,4410.803711,4451.846786,4542.921455,
"Hong Kong SAR, China",HKG,Health expenditure per capita (current US$),SH.XPD.PCAP,,,,,,,,,,,,,,,,,,,,,,,,,,,,,,,,,,,,,,,,,,,,,,,,,,,,,,,,
Honduras,HND,Health expenditure per capita (current US$),SH.XPD.PCAP,,,,,,,,,,,,,,,,,,,,,,,,,,,,,,,,,,,,37.81029322,35.37160844,39.33244265,49.51426958,55.12104803,76.28351689,82.59961938,88.0798664,103.0650574,103.625989,110.8210247,118.9192846,136.7908137,160.6531679,174.6723323,178.3860537,199.0996895,234.233894,214.1867424,212.3151508,
Heavily indebted poor countries (HIPC),HPC,Health expenditure per capita (current US$),SH.XPD.PCAP,,,,,,,,,,,,,,,,,,,,,,,,,,,,,,,,,,,,14.81955744,15.92778547,15.74577073,16.49979454,16.78609348,16.8264235,15.91538059,16.6617232,19.08424384,22.00406147,24.99554712,29.45358039,33.97279467,40.45165345,40.87991745,45.0254012,47.319399,49.55531745,51.51426383,52.65558394,
Croatia,HRV,Health expenditure per capita (current US$),SH.XPD.PCAP,,,,,,,,,,,,,,,,,,,,,,,,,,,,,,,,,,,,324.1328372,362.0809344,304.4361585,369.3107087,374.1518489,371.2243998,387.7731399,388.0750501,512.0173527,633.9025601,726.5228298,813.8732502,1038.923891,1265.142379,1193.487039,1143.851235,1131.667419,1029.521053,1060.833882,1050.334391,
Haiti,HTI,Health expenditure per capita (current US$),SH.XPD.PCAP,,,,,,,,,,,,,,,,,,,,,,,,,,,,,,,,,,,,22.76666905,24.04287,24.78894787,27.26439024,27.49507951,25.96795585,22.72648434,19.88943448,16.74324607,22.52487445,19.76559525,29.55896296,34.72088776,39.10258573,44.07477933,54.83540577,66.05774863,78.46473115,80.80932587,107.5040316,
Hungary,HUN,Health expenditure per capita (current US$),SH.XPD.PCAP,,,,,,,,,,,,,,,,,,,,,,,,,,,,,,,,,,,,323.0080546,315.0171621,308.5057086,334.760074,344.6384989,325.7072414,374.2751303,495.3767809,705.8264867,828.1412765,922.784017,922.3280453,1037.575165,1145.802399,976.7757902,1019.851688,1098.711391,991.2678299,1021.073116,1036.623859,
Indonesia,IDN,Health expenditure per capita (current US$),SH.XPD.PCAP,,,,,,,,,,,,,,,,,,,,,,,,,,,,,,,,,,,,20.07598174,22.5932437,20.47684915,9.53444402,14.88604559,15.43281432,16.69935137,20.42059894,27.00079571,27.23737567,35.24583569,46.19701995,57.65031451,60.82888938,63.93225832,85.65213133,98.96610041,107.2363769,106.0215546,99.41035911,
Isle of Man,IMN,Health expenditure per capita (current US$),SH.XPD.PCAP,,,,,,,,,,,,,,,,,,,,,,,,,,,,,,,,,,,,,,,,,,,,,,,,,,,,,,,,
India,IND,Health expenditure per capita (current US$),SH.XPD.PCAP,,,,,,,,,,,,,,,,,,,,,,,,,,,,,,,,,,,,15.82160735,15.93961592,18.43471538,18.47519167,18.27838023,19.60910784,20.94381975,21.06363291,23.64568952,26.80475703,31.33998843,34.64005687,43.21204716,46.91282666,48.22854553,59.18429667,65.70508993,64.92645947,68.53283666,74.99460433,
Not classified,INX,Health expenditure per capita (current US$),SH.XPD.PCAP,,,,,,,,,,,,,,,,,,,,,,,,,,,,,,,,,,,,,,,,,,,,,,,,,,,,,,,,
Ireland,IRL,Health expenditure per capita (current US$),SH.XPD.PCAP,,,,,,,,,,,,,,,,,,,,,,,,,,,,,,,,,,,,1239.142958,1330.357926,1404.674837,1467.940557,1567.818738,1593.343372,1878.1971,2248.676025,2925.19972,3532.972708,3736.534033,3982.268605,4704.240175,5326.221232,4961.575114,4238.21622,4309.720321,4079.477183,4156.590266,4239.154489,
"Iran, Islamic Rep.",IRN,Health expenditure per capita (current US$),SH.XPD.PCAP,,,,,,,,,,,,,,,,,,,,,,,,,,,,,,,,,,,,67.59382066,85.51547136,109.2275192,133.2117554,176.5246808,229.4997733,291.6830722,107.5872404,110.830711,144.9558104,177.7736851,204.2613244,254.3459382,314.5478874,380.7616772,455.4466239,545.227891,510.5928365,414.7016503,350.7386071,
Iraq,IRQ,Health expenditure per capita (current US$),SH.XPD.PCAP,,,,,,,,,,,,,,,,,,,,,,,,,,,,,,,,,,,,,8.28419142,6.66943005,6.90620578,6.3563812,7.11593662,8.25156074,8.38939089,16.40646005,55.83232516,55.48573263,59.32829852,97.29871306,146.5917226,146.7602906,144.978329,164.0513499,294.1566531,339.3530245,292.0043788,
Iceland,ISL,Health expenditure per capita (current US$),SH.XPD.PCAP,,,,,,,,,,,,,,,,,,,,,,,,,,,,,,,,,,,,2156.815816,2225.116695,2217.895241,2718.159151,3055.934282,2966.404259,2616.096028,3150.766553,3945.297403,4521.675047,5254.40095,5094.191166,6057.857446,4892.200222,3671.313939,3690.423347,3985.002646,3856.831982,4182.435833,4661.621362,
Israel,ISR,Health expenditure per capita (current US$),SH.XPD.PCAP,,,,,,,,,,,,,,,,,,,,,,,,,,,,,,,,,,,,1315.720222,1421.058452,1470.440643,1429.039815,1359.277196,1490.048241,1531.732025,1366.905375,1394.665025,1445.933093,1515.13435,1592.649473,1813.204363,2145.391241,2057.350086,2247.646031,2460.499391,2514.567804,2853.692444,2910.288637,
Italy,ITA,Health expenditure per capita (current US$),SH.XPD.PCAP,,,,,,,,,,,,,,,,,,,,,,,,,,,,,,,,,,,,1461.943535,1657.169427,1628.345101,1681.171362,1674.544285,1587.962011,1656.220314,1829.928867,2246.107662,2658.145535,2788.516941,2951.591681,3210.653479,3623.853126,3488.472691,3384.453597,3559.496741,3242.223299,3294.848511,3257.75341,
Jamaica,JAM,Health expenditure per capita (current US$),SH.XPD.PCAP,,,,,,,,,,,,,,,,,,,,,,,,,,,,,,,,,,,,97.23829212,122.8891728,175.9762817,187.3717913,172.5657306,199.9443212,185.6080357,179.1160932,162.2186569,183.4727988,170.7492895,187.0684857,230.491392,272.6192572,229.1273228,255.6573057,273.3051929,302.9207123,305.8541767,266.1901164,
Jordan,JOR,Health expenditure per capita (current US$),SH.XPD.PCAP,,,,,,,,,,,,,,,,,,,,,,,,,,,,,,,,,,,,131.9566844,138.7629535,142.9905918,159.3687289,162.5799318,171.338851,183.2467845,187.8354967,185.0994712,199.7528181,209.6750351,220.1255759,247.9354727,320.87018,362.7251268,341.2732498,357.7583329,354.055883,336.7918846,358.9124715,
Japan,JPN,Health expenditure per capita (current US$),SH.XPD.PCAP,,,,,,,,,,,,,,,,,,,,,,,,,,,,,,,,,,,,2844.84683,2455.151812,2333.369507,2195.839116,2597.75851,2838.599244,2531.111462,2450.730039,2694.426492,2927.434514,2927.571555,2791.223575,2806.574598,3255.556523,3741.590086,4110.464107,4654.233717,4748.918602,3960.203073,3702.952775,
Kazakhstan,KAZ,Health expenditure per capita (current US$),SH.XPD.PCAP,,,,,,,,,,,,,,,,,,,,,,,,,,,,,,,,,,,,48.24803899,58.17405281,66.96821697,70.17699656,49.0230326,50.81343348,51.40540825,59.31010068,75.35645281,111.7071743,149.9936613,194.0174652,212.1006733,305.8167343,295.3186292,401.207775,460.5548137,521.6400628,582.0976506,538.7827771,
Kenya,KEN,Health expenditure per capita (current US$),SH.XPD.PCAP,,,,,,,,,,,,,,,,,,,,,,,,,,,,,,,,,,,,14.06076302,17.77305628,18.72413933,21.41707874,17.86151124,19.15153877,18.83813091,18.25194579,19.7565643,20.04934047,23.1303791,30.20273541,34.9858061,36.60045187,39.2894476,39.41334629,52.98809604,65.05859332,69.99987383,77.69658603,
Kyrgyz Republic,KGZ,Health expenditure per capita (current US$),SH.XPD.PCAP,,,,,,,,,,,,,,,,,,,,,,,,,,,,,,,,,,,,19.39714935,22.33119904,19.53619575,20.010429,13.62715252,12.90954583,14.61432556,17.36711636,20.62756004,24.38454723,27.98573378,37.0517337,50.10047587,58.60578527,59.02054616,58.27948099,69.08178594,81.66090544,85.26070729,81.5662616,
Cambodia,KHM,Health expenditure per capita (current US$),SH.XPD.PCAP,,,,,,,,,,,,,,,,,,,,,,,,,,,,,,,,,,,,17.33401911,23.62764576,19.61882351,16.19388105,16.4908218,17.63071233,18.28470535,20.11020685,24.38114029,26.18477225,27.59677494,22.97459498,22.00236074,41.26564542,46.7363886,46.59217577,49.59668643,59.12020728,60.44287728,61.28475128,
Kiribati,KIR,Health expenditure per capita (current US$),SH.XPD.PCAP,,,,,,,,,,,,,,,,,,,,,,,,,,,,,,,,,,,,69.60400412,79.16330497,80.69424055,57.54799393,75.02544874,64.96270753,66.16585865,75.3118492,101.2036109,117.3235367,115.6417888,121.342923,174.4447992,167.7748134,154.7506654,154.1581872,171.539666,170.2706687,158.0560858,154.1717478,
St. Kitts and Nevis,KNA,Health expenditure per capita (current US$),SH.XPD.PCAP,,,,,,,,,,,,,,,,,,,,,,,,,,,,,,,,,,,,314.9677032,343.0030315,353.7556933,361.6533314,405.1749991,489.8124474,494.8943988,496.5235211,480.4625729,489.4289945,530.6651997,697.0013821,717.4065484,850.3535097,685.6420607,727.4798805,807.9092912,789.5212901,874.6664854,770.5368532,
"Korea, Rep.",KOR,Health expenditure per capita (current US$),SH.XPD.PCAP,,,,,,,,,,,,,,,,,,,,,,,,,,,,,,,,,,,,452.960057,509.244032,469.2278701,320.6993006,437.4079753,504.9040309,535.7407683,589.8871139,700.3558484,789.6301033,994.1653282,1204.216637,1383.027306,1260.854259,1220.647599,1505.021448,1650.456944,1714.858508,1870.125769,2060.248497,
Kosovo,KSV,Health expenditure per capita (current US$),SH.XPD.PCAP,,,,,,,,,,,,,,,,,,,,,,,,,,,,,,,,,,,,,,,,,,,,,,,,,,,,,,,,
Kuwait,KWT,Health expenditure per capita (current US$),SH.XPD.PCAP,,,,,,,,,,,,,,,,,,,,,,,,,,,,,,,,,,,,618.5098615,666.271635,664.9759103,651.7860778,596.0410467,490.5485527,632.8455319,665.5030839,737.5397439,756.0847138,848.7938305,957.2532629,963.1405102,1052.241779,1423.518803,1041.025133,1244.295393,1309.066608,1252.532265,1385.776935,
Latin America & Caribbean (developing only),LAC,Health expenditure per capita (current US$),SH.XPD.PCAP,,,,,,,,,,,,,,,,,,,,,,,,,,,,,,,,,,,,205.3018867,225.1841653,242.4957133,235.9951285,205.4130331,224.1685922,220.8222801,217.2875395,227.943767,255.8435017,332.2750649,383.5420281,456.1503333,524.8408676,516.6517902,616.6450452,688.9789692,677.2482918,698.6607389,693.5029398,
Lao PDR,LAO,Health expenditure per capita (current US$),SH.XPD.PCAP,,,,,,,,,,,,,,,,,,,,,,,,,,,,,,,,,,,,14.36920452,14.5299938,16.66626966,13.65951713,10.07749984,10.4578659,13.20653713,12.91213311,17.72999475,19.08127472,20.41335503,25.13076593,29.40281233,24.21617793,34.22456308,30.01724366,27.80950229,30.76082793,32.69756618,32.56967352,
Lebanon,LBN,Health expenditure per capita (current US$),SH.XPD.PCAP,,,,,,,,,,,,,,,,,,,,,,,,,,,,,,,,,,,,460.5193112,568.507762,665.0425829,634.1640462,599.3258044,579.0298541,571.0330989,544.4442439,496.3148552,483.33329,449.5410772,474.4047361,535.6323368,566.2482867,623.8993783,630.2340156,621.8523933,626.0864219,597.1871368,568.7148319,
Liberia,LBR,Health expenditure per capita (current US$),SH.XPD.PCAP,,,,,,,,,,,,,,,,,,,,,,,,,,,,,,,,,,,,,,,8.32850762,9.72853256,10.8176621,11.00431411,9.47151977,4.50122074,12.8675592,13.32028665,18.42372745,21.47472033,27.3681863,43.49805311,38.75852667,42.33896688,42.15033703,41.93196548,46.27042196,
Libya,LBY,Health expenditure per capita (current US$),SH.XPD.PCAP,,,,,,,,,,,,,,,,,,,,,,,,,,,,,,,,,,,,190.0895603,210.8585178,226.6486856,226.2588031,233.8902699,245.6206179,254.608964,181.4040561,190.0733826,202.0146232,211.9497545,233.9445563,273.510192,317.7746129,350.6399386,394.3397111,307.8585731,655.4285482,516.0669341,371.7218704,
St. Lucia,LCA,Health expenditure per capita (current US$),SH.XPD.PCAP,,,,,,,,,,,,,,,,,,,,,,,,,,,,,,,,,,,,232.1532428,268.6391392,256.015569,220.7853026,247.2312423,275.0554477,283.9684935,292.9407136,304.0405643,335.7362008,353.2737502,402.7793676,457.8852502,504.179408,545.2735769,567.8777003,545.5256777,601.1558315,575.4994272,499.5702282,
Latin America & Caribbean (all income levels),LCN,Health expenditure per capita (current US$),SH.XPD.PCAP,,,,,,,,,,,,,,,,,,,,,,,,,,,,,,,,,,,,239.9179447,255.4551897,275.5815303,273.1349984,248.6286204,264.7763819,259.3317897,219.7552024,233.2694114,266.0587051,340.8071929,394.2426714,469.5385899,540.7492088,548.1776988,639.8204197,703.9429197,694.9559205,716.2032935,714.7845772,
Least developed countries: UN classification,LDC,Health expenditure per capita (current US$),SH.XPD.PCAP,,,,,,,,,,,,,,,,,,,,,,,,,,,,,,,,,,,,11.42709258,11.34938665,11.03997841,11.06108903,11.44230054,12.2176429,12.04546982,12.77417881,14.78152003,17.33993285,19.65400299,23.86699013,27.0408054,33.83699112,35.09241783,38.05775636,40.99628123,42.3995069,44.85708388,45.52439913,
Low income,LIC,Health expenditure per capita (current US$),SH.XPD.PCAP,,,,,,,,,,,,,,,,,,,,,,,,,,,,,,,,,,,,9.694930789,10.61753905,10.74541147,10.90585109,11.4976063,13.2565828,11.89086746,12.57141549,13.85328193,15.89324906,17.78582628,20.1382387,21.91445971,25.68554822,27.75531296,31.46203104,33.79557802,35.11269889,35.73378621,36.797001,
Liechtenstein,LIE,Health expenditure per capita (current US$),SH.XPD.PCAP,,,,,,,,,,,,,,,,,,,,,,,,,,,,,,,,,,,,,,,,,,,,,,,,,,,,,,,,
Sri Lanka,LKA,Health expenditure per capita (current US$),SH.XPD.PCAP,,,,,,,,,,,,,,,,,,,,,,,,,,,,,,,,,,,,24.56318834,26.17151695,27.31299669,31.57670557,30.64549718,32.82186021,31.69398744,34.88223686,38.84580854,45.67294519,50.75659149,58.39505673,61.36956245,70.30181682,70.58219192,84.22088476,95.59109207,93.34437377,120.4155648,127.3317445,
Lower middle income,LMC,Health expenditure per capita (current US$),SH.XPD.PCAP,,,,,,,,,,,,,,,,,,,,,,,,,,,,,,,,,,,,21.20654329,23.51088778,24.92325488,24.13952529,21.99391707,22.78736762,23.65424876,24.63736391,28.4931374,31.86035647,37.50912137,43.56124013,53.44121643,60.02877041,60.28351286,70.22962798,78.08958087,81.61524017,86.36087913,89.30350759,
Low & middle income,LMY,Health expenditure per capita (current US$),SH.XPD.PCAP,,,,,,,,,,,,,,,,,,,,,,,,,,,,,,,,,,,,45.03270833,50.20104897,54.19944679,54.04430293,51.94757721,56.22101944,57.38220629,57.40920231,64.94403334,74.79208083,89.75489918,103.2884573,124.9764278,149.427087,156.5965288,181.2054986,209.2402736,221.9538744,236.6686688,245.6081221,
Lesotho,LSO,Health expenditure per capita (current US$),SH.XPD.PCAP,,,,,,,,,,,,,,,,,,,,,,,,,,,,,,,,,,,,36.55467539,34.38268201,32.06392026,30.81258472,29.45158509,28.73070265,28.41935966,24.06316665,36.3890894,44.9541972,44.73430538,52.39509813,69.16958692,73.18010257,84.22241294,118.2634512,146.3192356,129.1489913,114.1632945,105.1127528,
Lithuania,LTU,Health expenditure per capita (current US$),SH.XPD.PCAP,,,,,,,,,,,,,,,,,,,,,,,,,,,,,,,,,,,,99.3272927,130.2073276,162.0090366,192.0269512,192.449095,211.48918,219.4492255,263.6510684,352.04282,378.2776876,453.8766165,569.6660828,753.194623,976.9089693,876.7794596,828.6518049,967.8116947,940.0982091,1019.789085,1063.421183,
Luxembourg,LUX,Health expenditure per capita (current US$),SH.XPD.PCAP,,,,,,,,,,,,,,,,,,,,,,,,,,,,,,,,,,,,2841.605504,2830.062292,2489.74215,2598.890863,2891.013297,3500.004926,3405.294952,4202.193544,4987.753457,6145.317866,6488.072328,7029.8295,7329.367314,8303.749262,8126.264323,7964.45551,8333.576179,7550.705101,7980.828192,8137.520806,
Latvia,LVA,Health expenditure per capita (current US$),SH.XPD.PCAP,,,,,,,,,,,,,,,,,,,,,,,,,,,,,,,,,,,,114.7344461,139.9730524,159.205762,175.3044267,194.714862,196.4104071,216.3185047,251.6226933,300.9829255,396.982336,455.8426296,612.6235799,915.2260015,1018.756651,817.1982967,739.3775279,827.4376261,826.5496465,868.8484471,920.7037654,
"Macao SAR, China",MAC,Health expenditure per capita (current US$),SH.XPD.PCAP,,,,,,,,,,,,,,,,,,,,,,,,,,,,,,,,,,,,,,,,,,,,,,,,,,,,,,,,
St. Martin (French part),MAF,Health expenditure per capita (current US$),SH.XPD.PCAP,,,,,,,,,,,,,,,,,,,,,,,,,,,,,,,,,,,,,,,,,,,,,,,,,,,,,,,,
Morocco,MAR,Health expenditure per capita (current US$),SH.XPD.PCAP,,,,,,,,,,,,,,,,,,,,,,,,,,,,,,,,,,,,48.23362163,51.81622584,49.59011206,55.38168753,55.30674617,53.46027489,57.24340708,72.64136553,87.76712825,98.6985312,99.08463155,111.9396307,132.8099051,153.5131166,162.3953904,165.6336384,182.6363213,178.7231795,184.2304969,190.0539696,
Monaco,MCO,Health expenditure per capita (current US$),SH.XPD.PCAP,,,,,,,,,,,,,,,,,,,,,,,,,,,,,,,,,,,,3093.24637,2991.42559,2863.787481,2889.191292,3074.524334,2683.879037,2716.106427,2986.997751,4216.80488,4901.685756,4976.425828,5095.674113,5667.975021,6619.478676,6472.14104,6410.437338,6865.218043,6551.811995,7045.022696,8148.808358,
Moldova,MDA,Health expenditure per capita (current US$),SH.XPD.PCAP,,,,,,,,,,,,,,,,,,,,,,,,,,,,,,,,,,,,30.04066403,40.15600283,42.21988046,35.72319074,18.89391573,23.45363737,28.47277246,38.01031074,45.21007008,61.25186891,75.85007101,100.8144286,134.2654473,193.7607801,189.0509055,196.8305588,209.5331894,242.6306315,224.7383326,228.8466711,
Madagascar,MDG,Health expenditure per capita (current US$),SH.XPD.PCAP,,,,,,,,,,,,,,,,,,,,,,,,,,,,,,,,,,,,9.54875006,12.99897989,11.83049365,11.39618526,11.08617217,12.512631,14.42928521,13.91083591,15.27770462,12.00725272,13.85850308,14.97740312,18.89269829,21.23692989,19.60879502,20.14535569,19.32827421,15.37880832,19.20267152,13.67082999,
Maldives,MDV,Health expenditure per capita (current US$),SH.XPD.PCAP,,,,,,,,,,,,,,,,,,,,,,,,,,,,,,,,,,,,94.59323855,110.5087203,122.4590668,150.1166165,157.7938598,178.0537216,180.9342311,181.3654176,208.5796536,236.0548884,349.7293107,350.4653071,367.529074,613.8132023,611.2312294,556.1073366,589.6446997,673.5594448,860.1534007,1165.12515,
Middle East & North Africa (all income levels),MEA,Health expenditure per capita (current US$),SH.XPD.PCAP,,,,,,,,,,,,,,,,,,,,,,,,,,,,,,,,,,,,115.0584912,118.3221203,129.355891,135.338012,149.9014349,169.6602655,185.6143062,144.3334812,149.767239,168.0693026,186.8766369,210.1800962,245.4450137,291.8584149,321.8913339,345.8195825,397.7194952,429.2370739,430.1000763,430.2791035,
Mexico,MEX,Health expenditure per capita (current US$),SH.XPD.PCAP,,,,,,,,,,,,,,,,,,,,,,,,,,,,,,,,,,,,172.4443498,179.2537456,218.9179094,230.9180699,271.4765435,322.0886504,366.3076064,389.2610943,412.9844619,446.9246678,490.7213734,522.3113968,565.5259527,603.9211617,526.0840268,591.7125065,615.1036392,633.0896949,673.8100351,677.1899867,
Marshall Islands,MHL,Health expenditure per capita (current US$),SH.XPD.PCAP,,,,,,,,,,,,,,,,,,,,,,,,,,,,,,,,,,,,712.6693423,411.9355617,407.6050626,384.7435583,374.4309051,465.6248178,411.9436185,418.008009,411.0788008,448.8001586,461.9187333,547.46047,587.5515871,569.3229174,551.3708951,542.2595998,565.999562,582.622192,623.75334,625.2021795,
Middle income,MIC,Health expenditure per capita (current US$),SH.XPD.PCAP,,,,,,,,,,,,,,,,,,,,,,,,,,,,,,,,,,,,47.71497759,53.2279569,57.56298918,57.45046097,55.18342962,59.82641128,61.25199836,61.49011582,69.66539471,80.31929819,96.61331252,111.3353847,135.1066371,161.780722,169.6615795,196.6311208,227.6023709,242.2270594,258.8274248,269.0079249,
"Macedonia, FYR",MKD,Health expenditure per capita (current US$),SH.XPD.PCAP,,,,,,,,,,,,,,,,,,,,,,,,,,,,,,,,,,,,198.547208,200.3570713,176.31551,185.1991714,161.7415616,160.1532057,150.2198519,178.158959,223.6994109,241.4711152,243.7299768,255.4997236,280.9728035,330.6541447,308.7607167,312.2201208,336.3311854,318.5180709,316.142855,353.9253425,
Mali,MLI,Health expenditure per capita (current US$),SH.XPD.PCAP,,,,,,,,,,,,,,,,,,,,,,,,,,,,,,,,,,,,14.68796724,22.00079155,18.59675937,17.33983463,16.55371504,15.12669691,16.95743487,17.18472099,21.82588144,25.0808873,26.98479434,30.1553627,36.20940436,41.3864041,41.78486175,39.46097264,45.61117598,43.17492446,43.87167423,47.76513899,
Malta,MLT,Health expenditure per capita (current US$),SH.XPD.PCAP,,,,,,,,,,,,,,,,,,,,,,,,,,,,,,,,,,,,609.6425124,664.1848855,644.7291651,691.3432417,689.6875873,686.933306,694.6780662,851.0670936,1092.51328,1280.233465,1407.698263,1495.374955,1628.06815,1805.919742,1739.740828,1753.894887,2222.482299,2216.596971,2389.077542,2470.59851,
Myanmar,MMR,Health expenditure per capita (current US$),SH.XPD.PCAP,,,,,,,,,,,,,,,,,,,,,,,,,,,,,,,,,,,,2.41166044,2.38738615,1.82859981,1.90053147,2.44906588,3.19474847,2.46742747,2.81826538,3.71089087,4.57152046,4.74102736,5.36003275,6.93670065,9.82697082,13.19643897,15.24817471,19.07431371,23.66903777,17.93361636,20.28780579,
Middle East & North Africa (developing only),MNA,Health expenditure per capita (current US$),SH.XPD.PCAP,,,,,,,,,,,,,,,,,,,,,,,,,,,,,,,,,,,,63.63745495,66.9126038,76.60981214,84.68186152,96.38565311,111.0918402,126.5212674,82.39892966,83.25519425,99.40625849,110.2476524,124.341766,151.398022,186.7450072,209.2244083,231.8113476,263.5385599,284.0307152,265.1273938,250.4179054,
Montenegro,MNE,Health expenditure per capita (current US$),SH.XPD.PCAP,,,,,,,,,,,,,,,,,,,,,,,,,,,,,,,,,,,,139.2098489,102.3882597,101.8601362,104.1343323,101.781922,117.3793583,155.6321793,174.6828086,247.8035945,285.1797629,310.0002215,350.1432813,400.3747808,449.1770489,406.7907006,456.6293165,500.4178416,470.0001972,454.4871108,457.6649363,
Mongolia,MNG,Health expenditure per capita (current US$),SH.XPD.PCAP,,,,,,,,,,,,,,,,,,,,,,,,,,,,,,,,,,,,19.91313306,20.6145063,18.4393732,19.28074581,17.97476051,23.34566197,28.58480407,33.21889977,39.92599179,47.83098667,50.7967431,62.39645618,82.70909694,119.2579065,90.83080339,124.4851349,168.0592688,184.7117496,184.7868904,195.3334787,
Northern Mariana Islands,MNP,Health expenditure per capita (current US$),SH.XPD.PCAP,,,,,,,,,,,,,,,,,,,,,,,,,,,,,,,,,,,,,,,,,,,,,,,,,,,,,,,,
Mozambique,MOZ,Health expenditure per capita (current US$),SH.XPD.PCAP,,,,,,,,,,,,,,,,,,,,,,,,,,,,,,,,,,,,7.63121896,8.45951486,10.45703892,11.28905686,13.48938964,14.54027927,12.23614726,14.00257337,14.96740174,16.41602839,21.38531197,21.25979085,21.41411052,23.61134593,24.63427787,22.38533897,32.88981437,32.38126824,34.44457522,41.99657338,
Mauritania,MRT,Health expenditure per capita (current US$),SH.XPD.PCAP,,,,,,,,,,,,,,,,,,,,,,,,,,,,,,,,,,,,28.1840739,22.44633587,22.15346571,24.90531305,28.5013831,25.07620861,20.0944021,24.38255815,23.79491757,28.10776496,29.1300942,30.08652511,35.65529516,38.09228463,39.60779267,39.60878015,39.91531539,43.12123478,47.46707483,48.83750877,
Mauritius,MUS,Health expenditure per capita (current US$),SH.XPD.PCAP,,,,,,,,,,,,,,,,,,,,,,,,,,,,,,,,,,,,129.7240265,136.6262933,128.0464255,127.9479888,127.2623028,146.2925535,146.8750098,168.017797,192.4041504,225.4315078,229.7892904,240.0792155,268.0231232,358.4737377,353.0903308,411.5823433,451.2149623,432.4817028,455.5292788,482.4541727,
Malawi,MWI,Health expenditure per capita (current US$),SH.XPD.PCAP,,,,,,,,,,,,,,,,,,,,,,,,,,,,,,,,,,,,7.17882728,10.51698659,13.36977299,9.12537869,10.63677835,9.45461422,7.57773078,10.90263928,12.72908405,16.53697096,17.72507053,21.37583068,18.01892247,25.78807858,29.21800276,34.12234064,39.39139853,32.56114954,22.02658677,24.39483667,
Malaysia,MYS,Health expenditure per capita (current US$),SH.XPD.PCAP,,,,,,,,,,,,,,,,,,,,,,,,,,,,,,,,,,,,127.0419296,139.107132,125.1437578,94.49330134,104.8275358,121.6186802,131.7779873,140.6504478,175.2077157,184.4220438,183.1622269,226.3691159,261.0748353,294.5920181,290.6192061,351.2750337,393.6731251,421.5101262,427.045704,455.8255255,
North America,NAC,Health expenditure per capita (current US$),SH.XPD.PCAP,,,,,,,,,,,,,,,,,,,,,,,,,,,,,,,,,,,,3593.918426,3735.390782,3894.930402,4060.715143,4267.840864,4523.962151,4847.359527,5250.029635,5669.784612,6043.692922,6419.065721,6809.710725,7203.917688,7480.287262,7683.065267,7980.005825,8240.170547,8483.880726,8651.142898,8990.256358,
Namibia,NAM,Health expenditure per capita (current US$),SH.XPD.PCAP,,,,,,,,,,,,,,,,,,,,,,,,,,,,,,,,,,,,131.4570903,134.6634918,141.4943369,128.3823142,127.0680548,125.9105567,113.4946095,105.8886413,162.4408265,213.5027487,262.1740642,279.6648575,293.4326367,285.9816247,332.0467954,405.6410996,486.4689706,467.8989327,470.0441448,499.0156838,
New Caledonia,NCL,Health expenditure per capita (current US$),SH.XPD.PCAP,,,,,,,,,,,,,,,,,,,,,,,,,,,,,,,,,,,,,,,,,,,,,,,,,,,,,,,,
Niger,NER,Health expenditure per capita (current US$),SH.XPD.PCAP,,,,,,,,,,,,,,,,,,,,,,,,,,,,,,,,,,,,12.47358633,12.20641302,11.57563097,12.87562905,12.05349981,8.91440488,10.91922388,11.20318479,13.13456569,14.73464519,17.86071119,19.26720113,20.46123656,24.20611728,24.03162107,22.32965392,25.19986153,23.16416045,20.7793519,24.39611462,
Nigeria,NGA,Health expenditure per capita (current US$),SH.XPD.PCAP,,,,,,,,,,,,,,,,,,,,,,,,,,,,,,,,,,,,37.68386627,53.95092573,54.63839372,61.41708976,16.25837008,17.2219134,18.2840199,17.88547038,38.50264864,44.93786051,53.08567883,61.01491269,81.36762333,88.52018851,74.36452452,80.34139448,93.22631449,90.38961745,110.3712029,117.520545,
Nicaragua,NIC,Health expenditure per capita (current US$),SH.XPD.PCAP,,,,,,,,,,,,,,,,,,,,,,,,,,,,,,,,,,,,58.07712624,58.73392203,48.3254891,53.55910446,52.14554311,54.78201671,55.17914304,57.71999608,62.11095361,66.83482639,71.81656431,78.8406046,93.37830416,105.986036,100.8334795,100.2225365,107.4022711,143.1319091,153.8274149,177.4628952,
Netherlands,NLD,Health expenditure per capita (current US$),SH.XPD.PCAP,,,,,,,,,,,,,,,,,,,,,,,,,,,,,,,,,,,,2261.890491,2215.267106,1973.734322,2073.679479,2111.573283,1931.791117,2079.411496,2411.355491,2986.761241,3409.737348,3993.998475,4162.44214,4801.72824,5462.488451,5355.072742,5286.465552,5649.195293,5456.452652,5688.44151,5693.859921,
High income: nonOECD,NOC,Health expenditure per capita (current US$),SH.XPD.PCAP,,,,,,,,,,,,,,,,,,,,,,,,,,,,,,,,,,,,234.5677183,255.5119639,294.3332246,259.7783094,245.150801,262.9886413,273.9226692,218.1701654,251.7014057,299.9779067,368.4304619,452.3287715,562.6926828,729.8757846,727.3207051,783.4754588,892.9219694,950.4157158,1001.410204,966.3614937,
Norway,NOR,Health expenditure per capita (current US$),SH.XPD.PCAP,,,,,,,,,,,,,,,,,,,,,,,,,,,,,,,,,,,,2698.128835,2868.620845,3025.908443,3165.809272,3337.841832,3164.813986,3340.80045,4153.81315,4951.230126,5452.961044,5961.315393,6276.091523,7351.785499,8193.608077,7637.196676,8164.474016,9249.825937,9360.769497,9719.988037,9522.221658,
Nepal,NPL,Health expenditure per capita (current US$),SH.XPD.PCAP,,,,,,,,,,,,,,,,,,,,,,,,,,,,,,,,,,,,10.49326077,10.8621274,11.87359043,13.18159503,12.62503712,12.20516831,13.08151246,13.47821948,14.25653887,16.83585665,18.53383974,19.85499235,24.55968278,28.58463504,30.69813693,38.95948969,45.72228723,38.41344055,37.18347407,39.86817954,
New Zealand,NZL,Health expenditure per capita (current US$),SH.XPD.PCAP,,,,,,,,,,,,,,,,,,,,,,,,,,,,,,,,,,,,1202.805558,1291.822274,1307.63806,1129.676436,1157.641073,1056.080267,1058.841511,1261.337972,1623.884325,1992.664357,2307.096912,2315.654123,2713.535143,3318.767522,3145.236583,3742.560222,4251.403053,4470.858771,4661.795371,4896.348025,
High income: OECD,OEC,Health expenditure per capita (current US$),SH.XPD.PCAP,,,,,,,,,,,,,,,,,,,,,,,,,,,,,,,,,,,,2416.995128,2442.374995,2406.615205,2458.545142,2594.522593,2649.395808,2739.98717,2960.552335,3360.235638,3697.135469,3910.825538,4110.59508,4463.64295,4790.251065,4854.640481,5015.127662,5337.654246,5348.585319,5389.695917,5520.14633,
OECD members,OED,Health expenditure per capita (current US$),SH.XPD.PCAP,,,,,,,,,,,,,,,,,,,,,,,,,,,,,,,,,,,,2104.565372,2125.083548,2095.440975,2139.50442,2258.699959,2308.463145,2384.778175,2574.911455,2918.837139,3210.395105,3397.41508,3570.3713,3877.190455,4157.982968,4194.235712,4333.327973,4602.531553,4607.041083,4643.456067,4746.49235,
Oman,OMN,Health expenditure per capita (current US$),SH.XPD.PCAP,,,,,,,,,,,,,,,,,,,,,,,,,,,,,,,,,,,,227.0853862,242.1243412,235.9187518,231.7171864,247.3163016,266.8794612,263.8938408,275.7561075,287.7950878,301.0006191,320.769095,336.8088242,393.6012396,462.0733457,495.790408,546.6382749,539.8576792,551.5816881,562.8925439,675.0433935,
Other small states,OSS,Health expenditure per capita (current US$),SH.XPD.PCAP,,,,,,,,,,,,,,,,,,,,,,,,,,,,,,,,,,,,82.75625443,83.53804336,82.65913947,82.00647071,80.07897151,80.19349051,82.08831725,86.2865524,104.9588479,131.0298954,147.8103773,154.4628408,170.8758273,200.6194874,213.4084923,239.2853673,264.124557,270.3366447,270.0763007,271.1401774,
Pakistan,PAK,Health expenditure per capita (current US$),SH.XPD.PCAP,,,,,,,,,,,,,,,,,,,,,,,,,,,,,,,,,,,,15.77863633,15.77354885,15.40773256,16.22215623,16.29797472,15.4982416,13.52505996,15.38972826,16.12032064,17.76321364,22.36315738,29.62585468,31.93098328,30.19104652,28.51186552,30.95275635,36.65905548,33.4661349,33.63909619,36.15485065,
Panama,PAN,Health expenditure per capita (current US$),SH.XPD.PCAP,,,,,,,,,,,,,,,,,,,,,,,,,,,,,,,,,,,,222.9262725,239.5839483,251.6879392,266.0934683,264.3935933,297.8785645,295.3460882,313.349835,307.1027703,351.6518837,348.4468567,354.8807198,387.4129755,480.0949044,550.6560815,640.4403709,677.8308161,734.5554377,906.1378548,958.9817662,
Peru,PER,Health expenditure per capita (current US$),SH.XPD.PCAP,,,,,,,,,,,,,,,,,,,,,,,,,,,,,,,,,,,,96.63333786,99.52016931,100.3363158,98.62405604,95.63709922,94.97100015,97.96567168,101.0991564,100.79897,111.5798686,128.1025792,140.4843218,166.1463031,200.8669424,224.1009245,254.4777006,282.4539038,330.7528583,346.4926238,358.5769444,
Philippines,PHL,Health expenditure per capita (current US$),SH.XPD.PCAP,,,,,,,,,,,,,,,,,,,,,,,,,,,,,,,,,,,,36.60889031,41.07563823,40.8018123,30.93895487,35.15429529,33.3656879,28.72498004,27.93334336,32.83779076,34.8667763,46.83083268,55.13389145,66.15252051,78.08119627,81.01420235,93.83228612,101.7506828,116.1882884,127.0882782,135.2022258,
Palau,PLW,Health expenditure per capita (current US$),SH.XPD.PCAP,,,,,,,,,,,,,,,,,,,,,,,,,,,,,,,,,,,,710.5802981,821.4756518,818.5410965,694.4151882,747.5053367,792.5616152,746.5618296,726.4167345,748.756233,857.9818498,850.0674278,910.1148695,949.3587832,955.5414195,927.1698831,1024.211652,978.8322766,1046.21166,1089.774875,1150.302172,
Papua New Guinea,PNG,Health expenditure per capita (current US$),SH.XPD.PCAP,,,,,,,,,,,,,,,,,,,,,,,,,,,,,,,,,,,,30.09605326,32.94974978,36.08209761,28.0989054,26.84288993,25.94062428,37.15013333,41.45548337,43.55157347,59.00858007,51.28990433,52.46686568,40.07598425,49.61374619,52.76448908,59.25104857,90.88729867,97.87854738,100.7714254,92.35819164,
Poland,POL,Health expenditure per capita (current US$),SH.XPD.PCAP,,,,,,,,,,,,,,,,,,,,,,,,,,,,,,,,,,,,197.3796885,238.4773916,227.9878893,264.1425421,248.8645579,247.1410981,291.6592833,328.3830077,354.1074263,410.620244,494.7032382,555.1225336,706.200195,956.5199827,815.0143236,867.7452921,931.0520332,869.6981667,881.7691156,910.2837803,
Puerto Rico,PRI,Health expenditure per capita (current US$),SH.XPD.PCAP,,,,,,,,,,,,,,,,,,,,,,,,,,,,,,,,,,,,,,,,,,,,,,,,,,,,,,,,
"Korea, Dem. Peoples Rep.",PRK,Health expenditure per capita (current US$),SH.XPD.PCAP,,,,,,,,,,,,,,,,,,,,,,,,,,,,,,,,,,,,,,,,,,,,,,,,,,,,,,,,
Portugal,PRT,Health expenditure per capita (current US$),SH.XPD.PCAP,,,,,,,,,,,,,,,,,,,,,,,,,,,,,,,,,,,,875.7570353,940.3187945,892.4254845,933.0090463,984.9286881,1055.673479,1071.100554,1182.293239,1506.957533,1777.188888,1875.695253,1919.219862,2193.502938,2457.715186,2403.958322,2352.31986,2332.351628,1999.816286,2059.461434,2096.823176,
Paraguay,PRY,Health expenditure per capita (current US$),SH.XPD.PCAP,,,,,,,,,,,,,,,,,,,,,,,,,,,,,,,,,,,,112.741595,119.3174022,123.8809608,111.4544522,109.7237956,125.1964276,107.9123889,77.75149836,70.31608969,81.37057288,91.54397396,116.3168158,148.24718,216.14685,237.6576577,293.8327554,375.813762,398.4377033,469.0079401,464.0923634,
Pacific island small states,PSS,Health expenditure per capita (current US$),SH.XPD.PCAP,,,,,,,,,,,,,,,,,,,,,,,,,,,,,,,,,,,,97.67431372,94.06777799,96.67021701,81.07613864,88.20245846,93.26812644,89.56467402,91.41549692,104.4986736,120.3743286,135.6911662,143.4435417,155.5789163,157.2478323,157.4002511,173.3732207,180.5296788,187.8408094,197.4143827,209.3006719,
French Polynesia,PYF,Health expenditure per capita (current US$),SH.XPD.PCAP,,,,,,,,,,,,,,,,,,,,,,,,,,,,,,,,,,,,,,,,,,,,,,,,,,,,,,,,
Qatar,QAT,Health expenditure per capita (current US$),SH.XPD.PCAP,,,,,,,,,,,,,,,,,,,,,,,,,,,,,,,,,,,,601.7143489,653.4545254,672.5746986,635.7027162,630.8659105,651.8008607,730.5722494,827.7404648,1458.932719,1563.695965,1603.300277,1591.213829,1563.750885,1555.814467,1618.843281,1483.085382,1716.891444,2031.814199,2067.508388,2106.355503,
Romania,ROU,Health expenditure per capita (current US$),SH.XPD.PCAP,,,,,,,,,,,,,,,,,,,,,,,,,,,,,,,,,,,,53.28660213,52.65654401,66.32548437,69.66704014,67.53149262,72.61456341,79.1604437,96.65908781,146.699561,192.7877501,255.2853935,294.1443445,423.8460885,541.4711243,456.8066264,482.9457049,507.6780553,467.644426,535.4758547,556.8096847,
Russian Federation,RUS,Health expenditure per capita (current US$),SH.XPD.PCAP,,,,,,,,,,,,,,,,,,,,,,,,,,,,,,,,,,,,113.3072609,146.9792262,194.5731276,121.7006123,77.27970157,96.18997485,119.112195,142.172386,167.3666398,213.4751031,276.9126234,367.6760145,490.0229406,718.6717776,631.9906134,727.3728625,879.5959894,963.4853549,1023.903316,892.8515629,
Rwanda,RWA,Health expenditure per capita (current US$),SH.XPD.PCAP,,,,,,,,,,,,,,,,,,,,,,,,,,,,,,,,,,,,9.33575834,10.05409115,12.57081486,14.33508154,10.95823586,9.12830318,8.80663844,8.20312059,13.47784062,14.77667802,19.58341557,33.74981477,33.81060938,37.68590756,38.14104042,43.78889493,46.79306593,51.24153914,52.20386055,52.48366269,
South Asia,SAS,Health expenditure per capita (current US$),SH.XPD.PCAP,,,,,,,,,,,,,,,,,,,,,,,,,,,,,,,,,,,,15.34627435,15.55325668,17.23559481,17.44192323,17.30428491,18.28971646,19.15666568,19.49862305,21.69664474,24.52194371,28.61804802,32.10986554,39.23549682,42.40306846,43.59959752,52.89493323,58.8705811,57.89041465,61.10666064,66.71551051,
Saudi Arabia,SAU,Health expenditure per capita (current US$),SH.XPD.PCAP,,,,,,,,,,,,,,,,,,,,,,,,,,,,,,,,,,,,221.2870441,239.0053044,251.9402929,237.8583036,316.803358,373.089828,373.3044854,356.1845844,369.1701372,385.4936956,453.7953873,526.3116927,556.1581289,557.8670178,639.7369825,655.0705668,829.245984,961.3441153,1052.096495,1147.445577,
Sudan,SDN,Health expenditure per capita (current US$),SH.XPD.PCAP,,,,,,,,,,,,,,,,,,,,,,,,,,,,,,,,,,,,20.7335606,14.59029107,16.57142676,16.783946,14.93651263,15.03872204,16.16240572,18.07519257,22.34329951,28.99705246,34.93542591,54.17337061,83.46598036,114.6849004,109.970872,118.9741098,120.3446116,112.6487078,119.3781131,129.8438771,
Senegal,SEN,Health expenditure per capita (current US$),SH.XPD.PCAP,,,,,,,,,,,,,,,,,,,,,,,,,,,,,,,,,,,,22.03558854,23.14480483,20.08857657,21.2540616,24.01328329,21.98009293,24.00055238,25.99912552,34.69528609,41.60289552,41.37262946,43.99963477,44.78656719,54.01896773,48.95968683,46.12801624,47.75251607,43.94271385,46.91551225,49.53139304,
Singapore,SGP,Health expenditure per capita (current US$),SH.XPD.PCAP,,,,,,,,,,,,,,,,,,,,,,,,,,,,,,,,,,,,740.8046145,771.753356,766.3869833,712.3035085,635.5021191,661.7988013,525.7115755,632.0646725,826.634616,828.2845023,1061.096285,1170.885661,1315.146016,1550.505274,1655.889867,1841.591398,2086.142652,2310.358404,2531.501122,2752.320439,
Solomon Islands,SLB,Health expenditure per capita (current US$),SH.XPD.PCAP,,,,,,,,,,,,,,,,,,,,,,,,,,,,,,,,,,,,46.93884135,46.19155178,49.0902518,42.57388418,45.71686181,48.12268412,60.92281261,47.84601467,44.75714402,46.213866,69.09626925,63.31195302,67.3466432,72.15030459,91.99013579,95.31561038,83.81283078,102.3023556,102.4691605,102.2431255,
Sierra Leone,SLE,Health expenditure per capita (current US$),SH.XPD.PCAP,,,,,,,,,,,,,,,,,,,,,,,,,,,,,,,,,,,,25.76209665,27.22684179,25.6490458,18.93398411,20.61113315,21.34722558,30.27135501,33.51034083,34.50147864,34.27162877,39.31161327,38.39062028,40.50631771,46.70065044,57.07346535,46.0607999,59.4716366,70.44623022,92.4048297,85.90729075,
El Salvador,SLV,Health expenditure per capita (current US$),SH.XPD.PCAP,,,,,,,,,,,,,,,,,,,,,,,,,,,,,,,,,,,,108.4331486,138.52128,160.5537364,176.3852866,176.188042,184.6409377,189.5045864,192.3862482,193.9497003,194.5737605,206.6648224,207.5440118,212.0864059,221.7721728,234.4043825,245.1904657,260.1592725,262.9299446,276.6974077,279.6467283,
San Marino,SMR,Health expenditure per capita (current US$),SH.XPD.PCAP,,,,,,,,,,,,,,,,,,,,,,,,,,,,,,,,,,,,2302.198305,2312.957551,1999.567665,2101.735442,2196.121457,2007.888308,2039.671369,2165.027115,2474.990846,2808.935773,2834.304225,2822.161309,3227.317118,3614.698035,3562.387455,3500.632681,3800.553277,3627.96072,3472.71326,3459.066537,
Somalia,SOM,Health expenditure per capita (current US$),SH.XPD.PCAP,,,,,,,,,,,,,,,,,,,,,,,,,,,,,,,,,,,,,,,,,,,,,,,,,,,,,,,,
Serbia,SRB,Health expenditure per capita (current US$),SH.XPD.PCAP,,,,,,,,,,,,,,,,,,,,,,,,,,,,,,,,,,,,82.08500233,149.8190169,166.9319906,112.5221554,64.96017859,65.51965317,111.3096012,174.4918294,230.8290021,273.0015248,304.7540901,373.1608489,549.4721979,672.1070102,576.4296918,541.0249331,627.9481457,559.6525936,644.5464313,632.9248415,
Sub-Saharan Africa (developing only),SSA,Health expenditure per capita (current US$),SH.XPD.PCAP,,,,,,,,,,,,,,,,,,,,,,,,,,,,,,,,,,,,40.48060703,43.24291916,43.99633416,42.74831923,33.42993813,32.51643925,30.62142586,29.53490841,42.37489747,50.81738094,56.72509875,62.22090505,70.96646415,76.88257736,76.99030203,87.98442472,97.03317957,95.17616766,98.18189085,96.46488395,
South Sudan,SSD,Health expenditure per capita (current US$),SH.XPD.PCAP,,,,,,,,,,,,,,,,,,,,,,,,,,,,,,,,,,,,,,,,,,,,,,,,,,,,,26.19331276,26.9942029,29.93468686,
Sub-Saharan Africa (all income levels),SSF,Health expenditure per capita (current US$),SH.XPD.PCAP,,,,,,,,,,,,,,,,,,,,,,,,,,,,,,,,,,,,40.5007294,43.26393863,44.03108867,42.78323309,33.47528443,32.57314638,30.67212212,29.60317428,42.45783904,50.96033669,56.89579632,62.43267569,71.23042421,77.28003832,77.53986061,88.45925985,97.56811367,95.85625892,98.7599795,96.98517069,
Small states,SST,Health expenditure per capita (current US$),SH.XPD.PCAP,,,,,,,,,,,,,,,,,,,,,,,,,,,,,,,,,,,,110.4417849,115.076211,122.96095,123.3815721,123.8335729,127.9645018,129.0827398,135.5037829,153.3573927,179.8873039,199.8706288,212.4923257,241.5009016,276.312681,281.0197613,296.7170075,320.662331,336.8109166,337.4592949,339.7346772,
Sao Tome and Principe,STP,Health expenditure per capita (current US$),SH.XPD.PCAP,,,,,,,,,,,,,,,,,,,,,,,,,,,,,,,,,,,,59.96230485,71.16688321,55.94082677,38.23240916,46.36963726,46.80312312,53.02487199,59.78555512,74.33483013,71.79154418,81.78582809,69.14311754,70.14076886,69.40182364,86.34850836,66.49702819,81.2151655,133.6215342,182.7789067,165.5537174,
Suriname,SUR,Health expenditure per capita (current US$),SH.XPD.PCAP,,,,,,,,,,,,,,,,,,,,,,,,,,,,,,,,,,,,108.2914107,140.6068765,201.7997326,223.2905522,171.0279756,178.7632061,132.2112615,158.611026,172.6425682,208.5864055,247.0279973,329.2347382,347.264671,412.9656425,463.9530775,489.4207351,501.1209182,577.3534766,592.4840395,588.627784,
Slovak Republic,SVK,Health expenditure per capita (current US$),SH.XPD.PCAP,,,,,,,,,,,,,,,,,,,,,,,,,,,,,,,,,,,,221.7601187,253.7534099,230.0493677,234.9227926,218.4250459,207.8407575,216.056293,256.0636481,360.2313503,566.2724479,628.1035841,763.1573888,1082.046561,1406.448162,1483.389504,1377.726433,1414.966902,1376.85744,1417.020561,1454.81013,
Slovenia,SVN,Health expenditure per capita (current US$),SH.XPD.PCAP,,,,,,,,,,,,,,,,,,,,,,,,,,,,,,,,,,,,784.949796,811.8199344,797.5119827,856.0693941,879.6464483,831.0694511,882.7038702,1000.165559,1281.13115,1435.094121,1519.549813,1636.725011,1880.510364,2297.773155,2271.081767,2083.059184,2225.154916,2068.518902,2114.881651,2160.746701,
Sweden,SWE,Health expenditure per capita (current US$),SH.XPD.PCAP,,,,,,,,,,,,,,,,,,,,,,,,,,,,,,,,,,,,2291.806166,2565.39396,2297.715946,2336.585476,2396.258158,2282.455229,2267.833586,2599.506643,3277.396801,3666.47387,3726.565818,3947.08523,4525.765742,4886.129047,4357.236367,4694.463411,6662.301877,6521.577973,7000.162646,6807.717778,
Swaziland,SWZ,Health expenditure per capita (current US$),SH.XPD.PCAP,,,,,,,,,,,,,,,,,,,,,,,,,,,,,,,,,,,,87.46728608,87.96815911,87.27136285,84.40432081,78.70496633,75.31834634,64.20722702,58.32180412,97.24077523,130.0901,159.0247148,179.6171093,189.6948836,214.4853543,226.79875,250.4343766,270.4379511,267.4128435,272.6272312,247.8964248,
Sint Maarten (Dutch part),SXM,Health expenditure per capita (current US$),SH.XPD.PCAP,,,,,,,,,,,,,,,,,,,,,,,,,,,,,,,,,,,,,,,,,,,,,,,,,,,,,,,,
Seychelles,SYC,Health expenditure per capita (current US$),SH.XPD.PCAP,,,,,,,,,,,,,,,,,,,,,,,,,,,,,,,,,,,,329.3015697,328.4402535,399.7355323,379.7895086,385.7434019,349.8346364,335.8634128,349.0950339,382.1459345,400.9806493,404.6864001,421.6033593,375.6737092,278.3159051,241.8509054,374.5221033,384.3039912,489.9665829,530.3124488,494.1282842,
Syrian Arab Republic,SYR,Health expenditure per capita (current US$),SH.XPD.PCAP,,,,,,,,,,,,,,,,,,,,,,,,,,,,,,,,,,,,51.11359767,58.60641388,57.93162481,55.34802256,57.27955089,57.89443659,56.90526184,57.16557591,61.07294379,61.74400108,63.78206888,66.96213549,77.48379099,88.84600425,93.05910222,95.14002508,85.5282835,70.97569991,68.8345282,66.45497393,
Turks and Caicos Islands,TCA,Health expenditure per capita (current US$),SH.XPD.PCAP,,,,,,,,,,,,,,,,,,,,,,,,,,,,,,,,,,,,,,,,,,,,,,,,,,,,,,,,
Chad,TCD,Health expenditure per capita (current US$),SH.XPD.PCAP,,,,,,,,,,,,,,,,,,,,,,,,,,,,,,,,,,,,11.94746997,12.00808395,11.45402913,12.1672234,11.19411498,10.41974525,12.00810915,18.39776953,16.06431228,26.00525913,25.81473846,23.65236357,26.8162198,27.10215388,26.5836599,26.41741253,31.32111874,29.18358859,33.66517607,37.10492956,
Togo,TGO,Health expenditure per capita (current US$),SH.XPD.PCAP,,,,,,,,,,,,,,,,,,,,,,,,,,,,,,,,,,,,13.4497743,14.40155829,13.83234037,12.88490978,12.86098944,11.52425748,11.39667368,11.6488095,15.81643176,18.03817192,19.58650912,21.34110357,23.73468488,29.919543,33.75042354,26.64986683,29.79840168,29.66658106,32.14176626,33.89092289,
Thailand,THA,Health expenditure per capita (current US$),SH.XPD.PCAP,,,,,,,,,,,,,,,,,,,,,,,,,,,,,,,,,,,,108.8876752,126.997249,109.0976655,75.6658767,77.0150611,74.22852023,68.11031734,92.59617126,104.8522544,112.6612181,124.3649734,152.0199249,202.9528147,232.1924802,229.6496601,258.6617488,305.5757504,335.5685305,354.5318956,360.3830032,
Tajikistan,TJK,Health expenditure per capita (current US$),SH.XPD.PCAP,,,,,,,,,,,,,,,,,,,,,,,,,,,,,,,,,,,,3.01029342,5.52795174,5.64187587,7.81404205,6.91323992,7.22817764,7.80652494,8.48205551,10.62567328,15.77612443,19.96296132,23.16019317,27.99867389,39.74212385,39.44307851,44.95927823,50.15923244,61.18867071,70.80293492,76.39130143,
Turkmenistan,TKM,Health expenditure per capita (current US$),SH.XPD.PCAP,,,,,,,,,,,,,,,,,,,,,,,,,,,,,,,,,,,,43.02047946,17.47230592,30.66873646,32.75487667,33.64737492,43.98185755,58.97969588,63.12472999,94.70501255,121.9100002,126.9808465,129.3440662,115.347367,83.59909933,76.39572691,87.29381562,113.4061784,133.3628234,165.9816261,186.7162285,
Timor-Leste,TLS,Health expenditure per capita (current US$),SH.XPD.PCAP,,,,,,,,,,,,,,,,,,,,,,,,,,,,,,,,,,,,,,,,,16.99290083,21.08798819,20.85882513,13.38453312,14.82391023,19.20167519,18.29651057,10.69000888,31.82992761,32.24189521,36.77648669,40.25044402,51.0218896,56.59535397,57.08171056,
Tonga,TON,Health expenditure per capita (current US$),SH.XPD.PCAP,,,,,,,,,,,,,,,,,,,,,,,,,,,,,,,,,,,,87.25118703,96.22436079,98.43958032,92.01436852,102.8160543,91.60761819,96.02971682,92.3611898,106.1430421,114.8137547,167.3573318,159.0463562,170.6267176,169.6510843,145.0456649,163.4436203,171.6250672,196.8707588,205.2145052,212.9750355,
Trinidad and Tobago,TTO,Health expenditure per capita (current US$),SH.XPD.PCAP,,,,,,,,,,,,,,,,,,,,,,,,,,,,,,,,,,,,216.4856738,216.6064762,208.3336982,200.0758926,253.4150376,268.0139827,305.0546073,352.3186277,448.5084926,521.5849295,647.6725497,625.0970492,790.0658244,922.8463636,925.5771019,805.1368131,878.2524831,989.2140328,1047.766231,1090.993283,
Tunisia,TUN,Health expenditure per capita (current US$),SH.XPD.PCAP,,,,,,,,,,,,,,,,,,,,,,,,,,,,,,,,,,,,127.2565786,126.1713437,113.5976687,123.8960448,129.6078849,119.4624254,119.301695,124.7933267,147.9882067,175.1163476,177.8377027,190.2955606,213.1589692,242.5743291,255.39533,270.9352425,305.0841556,297.7427113,309.4692551,305.305519,
Turkey,TUR,Health expenditure per capita (current US$),SH.XPD.PCAP,,,,,,,,,,,,,,,,,,,,,,,,,,,,,,,,,,,,96.21737516,117.5499808,130.7924774,155.8901052,189.1858861,206.7453495,156.3444352,189.9628939,243.4720056,312.9274045,386.1940968,447.2412137,559.6858085,627.8892332,522.0287011,565.8716155,557.4656617,555.0619599,588.2048537,567.6311267,
Tuvalu,TUV,Health expenditure per capita (current US$),SH.XPD.PCAP,,,,,,,,,,,,,,,,,,,,,,,,,,,,,,,,,,,,104.1551095,153.564693,119.0890618,121.8806366,137.3799779,231.8975619,247.5247984,241.0615063,414.3168992,374.3531448,406.0833598,449.8079728,466.1859439,414.1829905,356.8334705,547.3236847,676.1093151,564.0808864,649.4805506,632.8411611,
Tanzania,TZA,Health expenditure per capita (current US$),SH.XPD.PCAP,,,,,,,,,,,,,,,,,,,,,,,,,,,,,,,,,,,,6.76660486,7.49788278,8.64499482,9.39856834,9.98946115,10.11583608,12.45874797,13.82450905,16.38962563,17.69656335,21.57059274,31.22308754,24.4326427,26.94161235,25.67596588,36.09241915,40.72677825,45.64167972,49.17452487,51.71747631,
Uganda,UGA,Health expenditure per capita (current US$),SH.XPD.PCAP,,,,,,,,,,,,,,,,,,,,,,,,,,,,,,,,,,,,18.40695805,19.16251876,19.89027711,19.78723239,18.5602203,19.02343215,20.52951983,22.39944921,22.16982022,30.27831986,36.67008561,40.96791919,48.25066973,52.68008919,49.68286165,65.3348763,57.95094404,52.79119205,52.03034883,52.29424027,
Ukraine,UKR,Health expenditure per capita (current US$),SH.XPD.PCAP,,,,,,,,,,,,,,,,,,,,,,,,,,,,,,,,,,,,51.04945328,60.46763771,68.60927153,55.7056667,37.82313978,35.8444553,44.54756253,55.32707831,73.19053656,91.00615616,118.3073894,148.1186711,196.1136581,253.6242139,199.0356281,233.451757,250.5780888,289.7057493,311.1603512,202.6585798,
Upper middle income,UMC,Health expenditure per capita (current US$),SH.XPD.PCAP,,,,,,,,,,,,,,,,,,,,,,,,,,,,,,,,,,,,76.01071011,84.8381018,92.51154561,93.35673951,91.20662687,100.3265021,102.6667568,102.4041391,115.738489,134.9787285,163.8020246,188.9872472,229.4341326,280.2431402,297.9697402,346.0293389,405.6711866,434.8830319,467.197883,487.6550411,
Uruguay,URY,Health expenditure per capita (current US$),SH.XPD.PCAP,,,,,,,,,,,,,,,,,,,,,,,,,,,,,,,,,,,,755.8256116,676.28773,615.4569534,686.7594895,561.7269374,537.3308355,468.5190556,293.5326454,235.9830061,477.0999691,582.1188629,656.6651774,576.7663843,740.642347,827.0934517,1030.062322,1211.821637,1322.250798,1464.747579,1442.276451,
United States,USA,Health expenditure per capita (current US$),SH.XPD.PCAP,,,,,,,,,,,,,,,,,,,,,,,,,,,,,,,,,,,,3788.309842,3944.281229,4116.246445,4302.441099,4521.688373,4788.31156,5140.229361,5575.829831,5995.082226,6369.431108,6741.033681,7122.366441,7511.962988,7786.211902,8022.998025,8269.365181,8523.833686,8789.767513,8987.901487,9402.536971,
Uzbekistan,UZB,Health expenditure per capita (current US$),SH.XPD.PCAP,,,,,,,,,,,,,,,,,,,,,,,,,,,,,,,,,,,,29.88148962,42.43660993,42.95802623,39.50567647,39.07646406,29.71507593,24.75619022,20.92919275,20.65254496,23.99079169,28.19646782,35.62839039,48.75463179,61.2728105,75.74763336,75.74480851,90.90451018,116.1604376,123.4871552,124.1090975,
St. Vincent and the Grenadines,VCT,Health expenditure per capita (current US$),SH.XPD.PCAP,,,,,,,,,,,,,,,,,,,,,,,,,,,,,,,,,,,,165.7004983,175.3101595,202.9215173,200.4217542,198.9746363,136.9366515,145.1478733,167.9046561,173.666012,178.9812402,185.3026796,217.795104,245.9052283,299.1903129,316.9284769,293.4459067,309.1043355,538.4377638,342.491388,575.057346,
"Venezuela, RB",VEN,Health expenditure per capita (current US$),SH.XPD.PCAP,,,,,,,,,,,,,,,,,,,,,,,,,,,,,,,,,,,,183.0674935,142.468759,150.754182,172.2398101,200.6353619,234.7885174,256.6834561,180.3523112,159.3687549,204.2515723,255.1613926,326.9324968,437.3370058,446.7937517,670.5912047,684.0578433,564.0727343,613.2415622,605.504891,873.3843222,
Virgin Islands (U.S.),VIR,Health expenditure per capita (current US$),SH.XPD.PCAP,,,,,,,,,,,,,,,,,,,,,,,,,,,,,,,,,,,,,,,,,,,,,,,,,,,,,,,,
Vietnam,VNM,Health expenditure per capita (current US$),SH.XPD.PCAP,,,,,,,,,,,,,,,,,,,,,,,,,,,,,,,,,,,,14.30465923,16.30967746,16.90240917,17.05646327,17.6420315,20.49500152,22.50697102,21.76353955,24.99998954,30.13258629,36.80053658,43.44546244,54.98803667,63.2902605,73.2207569,83.45891629,94.10525085,120.1149765,134.2645765,142.3738891,
Vanuatu,VUT,Health expenditure per capita (current US$),SH.XPD.PCAP,,,,,,,,,,,,,,,,,,,,,,,,,,,,,,,,,,,,39.57934583,35.02815847,44.13847374,53.11655865,47.57526872,48.26495264,45.85723421,47.69578083,63.52338977,73.60102809,72.97012906,81.11489553,87.83874474,98.84513924,103.1629804,139.7194287,125.9419654,116.9405211,124.158407,157.5106888,
West Bank and Gaza,PSE,Health expenditure per capita (current US$),SH.XPD.PCAP,,,,,,,,,,,,,,,,,,,,,,,,,,,,,,,,,,,,,,,,,,,,,,,,,,,,,,,,
World,WLD,Health expenditure per capita (current US$),SH.XPD.PCAP,,,,,,,,,,,,,,,,,,,,,,,,,,,,,,,,,,,,461.5477615,465.9577022,461.4322121,464.9953042,482.073367,491.1114739,504.3894398,533.2546705,601.7173373,661.8713403,706.7765882,748.7792811,822.2630335,895.8254591,906.8641967,948.6645026,1019.679261,1026.122469,1041.708268,1060.566031,
Samoa,WSM,Health expenditure per capita (current US$),SH.XPD.PCAP,,,,,,,,,,,,,,,,,,,,,,,,,,,,,,,,,,,,60.90659426,61.72436497,73.92725118,75.15659829,83.01517186,79.07623394,79.06846984,84.10002772,95.59219731,107.4445517,115.5952497,130.6512544,164.374139,152.575374,160.0449227,201.4150092,235.760548,213.5664136,288.7905009,301.0971126,
"Yemen, Rep.",YEM,Health expenditure per capita (current US$),SH.XPD.PCAP,,,,,,,,,,,,,,,,,,,,,,,,,,,,,,,,,,,,39.65532113,23.33038735,20.31450104,21.44267557,21.51043167,25.26729843,26.61915889,27.43931418,35.01216658,38.38332031,42.53610453,52.0957528,58.08815663,69.6851483,65.91392692,67.74874258,64.65160379,73.90669273,78.52249036,79.93696624,
South Africa,ZAF,Health expenditure per capita (current US$),SH.XPD.PCAP,,,,,,,,,,,,,,,,,,,,,,,,,,,,,,,,,,,,310.8641533,296.2532942,305.3382568,268.2273015,262.7300108,245.0572821,221.6746773,201.7955832,308.0922851,380.1274585,414.1452227,419.2904642,453.8866964,441.23856,486.7066269,618.350112,686.9412202,661.4339652,601.3723752,570.2060736,
"Congo, Dem. Rep.",COD,Health expenditure per capita (current US$),SH.XPD.PCAP,,,,,,,,,,,,,,,,,,,,,,,,,,,,,,,,,,,,4.34881291,4.03214264,4.94645714,5.80572862,10.48020021,18.15912266,5.82115672,4.4301042,5.44347433,6.33218184,6.70779502,8.35595561,9.87487932,13.85171454,16.05641988,12.64039128,12.42692605,14.70742409,16.10511708,11.63902687,
Zambia,ZMB,Health expenditure per capita (current US$),SH.XPD.PCAP,,,,,,,,,,,,,,,,,,,,,,,,,,,,,,,,,,,,20.47757919,22.73446894,27.67649894,24.90824007,24.3207841,24.36048524,24.74165066,26.08083993,35.07592245,38.86516106,52.27383468,62.92278027,48.1756618,66.53854373,53.65967398,64.17510388,70.52581827,82.86919808,87.83302346,85.85307416,
Zimbabwe,ZWE,Health expenditure per capita (current US$),SH.XPD.PCAP,,,,,,,,,,,,,,,,,,,,,,,,,,,,,,,,,,,,,,,,,37.51600657,33.10799264,32.64026949,29.2115538,32.17087301,28.52517713,21.24877429,17.80401666,16.21371054,37.20702422,36.36279411,48.46958014,57.25376348,62.30922835,57.71045218,
